-- phpMyAdmin SQL Dump
-- version 5.2.1
-- https://www.phpmyadmin.net/
--
-- Host: 127.0.0.1
-- Generation Time: May 24, 2025 at 06:06 PM
-- Server version: 10.4.32-MariaDB
-- PHP Version: 8.2.12

SET SQL_MODE = "NO_AUTO_VALUE_ON_ZERO";
START TRANSACTION;
SET time_zone = "+00:00";


/*!40101 SET @OLD_CHARACTER_SET_CLIENT=@@CHARACTER_SET_CLIENT */;
/*!40101 SET @OLD_CHARACTER_SET_RESULTS=@@CHARACTER_SET_RESULTS */;
/*!40101 SET @OLD_COLLATION_CONNECTION=@@COLLATION_CONNECTION */;
/*!40101 SET NAMES utf8mb4 */;

--
-- Database: `quanlyphongmaytinh`
--

-- --------------------------------------------------------

--
-- Table structure for table `cache`
--

CREATE TABLE `cache` (
  `key` varchar(255) NOT NULL,
  `value` mediumtext NOT NULL,
  `expiration` int(11) NOT NULL
) ENGINE=InnoDB DEFAULT CHARSET=utf8 COLLATE=utf8_unicode_ci;

-- --------------------------------------------------------

--
-- Table structure for table `cache_locks`
--

CREATE TABLE `cache_locks` (
  `key` varchar(255) NOT NULL,
  `owner` varchar(255) NOT NULL,
  `expiration` int(11) NOT NULL
) ENGINE=InnoDB DEFAULT CHARSET=utf8 COLLATE=utf8_unicode_ci;

-- --------------------------------------------------------

--
-- Table structure for table `datalist`
--

CREATE TABLE `datalist` (
  `id` int(11) NOT NULL,
  `id_cambien` int(11) DEFAULT NULL,
  `du_lieu_thu_thap` text NOT NULL,
  `id_donviluutru` int(11) DEFAULT NULL,
  `thoi_gian_thu_thap` datetime NOT NULL
) ENGINE=InnoDB DEFAULT CHARSET=utf8 COLLATE=utf8_unicode_ci;

--
-- Dumping data for table `datalist`
--

INSERT INTO `datalist` (`id`, `id_cambien`, `du_lieu_thu_thap`, `id_donviluutru`, `thoi_gian_thu_thap`) VALUES
(1, 3, '65.7', 1, '2025-05-10 01:27:43'),
(2, 4, '403.54', 2, '2025-05-10 01:27:45'),
(3, 3, '51.6', 1, '2025-05-10 01:28:02'),
(4, 4, '403.52', 2, '2025-05-10 01:28:05'),
(5, 3, '47.57', 1, '2025-05-10 01:28:22'),
(6, 4, '403.49', 2, '2025-05-10 01:28:25'),
(7, 3, '44.13', 1, '2025-05-10 01:28:40'),
(8, 3, '56.99', 1, '2025-05-10 01:28:59'),
(9, 4, '403.47', 2, '2025-05-10 01:29:04'),
(10, 5, '80', 3, '2025-05-10 01:29:17'),
(11, 5, '53', 4, '2025-05-10 01:29:17'),
(12, 3, '69.64', 1, '2025-05-10 01:29:25'),
(13, 5, '67.8', 3, '2025-05-14 20:49:35'),
(14, 5, '24.5', 4, '2025-05-14 20:49:35'),
(15, 8, '140.02', 1, '2025-05-14 20:49:36'),
(16, 7, '403.49', 2, '2025-05-14 20:49:37'),
(17, 5, '66.1', 3, '2025-05-14 20:49:52'),
(18, 5, '34', 4, '2025-05-14 20:49:52'),
(19, 8, '119.77', 1, '2025-05-14 20:49:54'),
(20, 7, '212.88', 2, '2025-05-14 20:49:55'),
(21, 8, '89.07', 1, '2025-05-14 20:50:11'),
(22, 7, '114', 2, '2025-05-14 20:50:13'),
(23, 8, '71.14', 1, '2025-05-14 20:50:29'),
(24, 7, '114.12', 2, '2025-05-14 20:50:32'),
(25, 8, '60.47', 1, '2025-05-14 20:50:48'),
(26, 8, '54.64', 1, '2025-05-14 20:51:07'),
(27, 7, '114.01', 2, '2025-05-14 20:51:11'),
(28, 8, '74.32', 1, '2025-05-15 23:47:35'),
(29, 7, '114.12', 2, '2025-05-14 20:51:31'),
(30, 8, '86.01', 1, '2025-05-15 23:47:30'),
(31, 7, '114.06', 2, '2025-05-14 20:51:53'),
(32, 8, '78.3', 1, '2025-05-15 23:47:25'),
(33, 8, '67.5', 1, '2025-05-15 23:47:20'),
(34, 7, '114.12', 2, '1900-01-15 00:00:00'),
(35, 8, '88.69', 1, '2025-05-15 00:00:00'),
(36, 8, '90.83', 1, '2025-05-15 21:19:27'),
(37, 7, '114.12', 2, '2025-05-14 21:19:28'),
(38, 8, '120.78', 1, '2025-05-15 21:19:46'),
(39, 8, '135.92', 1, '2025-05-15 21:20:06'),
(40, 7, '114.13', 2, '2025-05-14 21:20:08'),
(41, 8, '154.89', 1, '2025-05-16 09:13:07'),
(42, 7, '403.49', 2, '2025-05-16 09:13:08'),
(43, 8, '163.33', 1, '2025-05-16 09:13:25'),
(44, 8, '141.61', 1, '2025-05-16 09:13:44'),
(45, 7, '403.52', 2, '2025-05-16 09:13:46'),
(46, 8, '131.96', 1, '2025-05-16 09:14:01'),
(47, 7, '403.49', 2, '2025-05-16 09:14:04'),
(48, 8, '168.34', 1, '2025-05-16 09:14:20'),
(49, 8, '210.06', 1, '2025-05-16 09:14:38'),
(50, 8, '251.28', 1, '2025-05-16 09:14:56'),
(51, 7, '403.54', 2, '2025-05-16 09:15:00'),
(52, 5, '71.2', 3, '2025-05-16 09:15:09'),
(53, 5, '61', 4, '2025-05-16 09:15:09'),
(54, 8, '289.93', 1, '2025-05-16 09:15:13'),
(55, 7, '403.49', 2, '2025-05-16 09:15:18'),
(56, 8, '234.86', 1, '2025-05-16 09:15:32'),
(57, 7, '403.52', 2, '2025-05-16 09:15:36'),
(58, 5, '-14.6', 3, '2025-05-16 09:15:43'),
(59, 5, '86.5', 4, '2025-05-16 09:15:43'),
(60, 8, '194.47', 1, '2025-05-16 09:15:48'),
(61, 7, '403.49', 2, '2025-05-16 09:15:54'),
(62, 8, '190.78', 1, '2025-05-16 09:16:06'),
(63, 8, '149.68', 1, '2025-05-16 09:16:25'),
(64, 8, '164.03', 1, '2025-05-16 09:16:43'),
(65, 7, '403.52', 2, '2025-05-16 09:16:51'),
(66, 8, '163.8', 1, '2025-05-16 09:17:02'),
(67, 7, '403.49', 2, '2025-05-16 09:17:10'),
(68, 8, '191.91', 1, '2025-05-16 09:17:20'),
(69, 5, '-31.4', 3, '2025-05-16 09:17:29'),
(70, 5, '64.5', 4, '2025-05-16 09:17:29'),
(71, 8, '158.7', 1, '2025-05-16 09:17:38'),
(72, 8, '187.46', 1, '2025-05-16 09:17:55'),
(73, 8, '139.82', 1, '2025-05-16 09:18:13'),
(74, 7, '406.88', 2, '2025-05-16 09:18:25'),
(75, 8, '161', 1, '2025-05-16 09:18:32'),
(76, 7, '403.52', 2, '2025-05-16 09:18:44'),
(77, 8, '120.44', 1, '2025-05-16 09:18:51'),
(78, 7, '403.49', 2, '2025-05-16 09:19:03'),
(79, 8, '109.2', 1, '2025-05-16 09:19:09'),
(80, 8, '117.6', 1, '2025-05-16 09:19:26'),
(81, 7, '403.52', 2, '2025-05-16 09:19:39'),
(82, 8, '127.93', 1, '2025-05-16 09:19:44'),
(83, 7, '403.54', 2, '2025-05-16 09:19:59'),
(84, 8, '107.39', 1, '2025-05-16 09:20:03'),
(85, 7, '403.51', 2, '2025-05-16 09:20:18'),
(86, 8, '99.18', 1, '2025-05-16 09:20:22'),
(87, 7, '403.54', 2, '2025-05-16 09:20:37'),
(88, 8, '84.58', 1, '2025-05-16 09:20:40'),
(89, 8, '100.29', 1, '2025-05-16 09:20:58'),
(90, 7, '403.49', 2, '2025-05-16 09:21:14'),
(91, 8, '77.86', 1, '2025-05-16 09:21:16'),
(92, 8, '69.94', 1, '2025-05-16 09:21:34'),
(93, 7, '403.52', 2, '2025-05-16 09:21:51'),
(94, 8, '58.16', 1, '2025-05-16 09:21:52'),
(95, 8, '64.4', 1, '2025-05-16 09:22:10'),
(96, 7, '403.49', 2, '2025-05-16 09:22:10'),
(97, 8, '68.18', 1, '2025-05-16 09:22:28'),
(98, 8, '76.23', 1, '2025-05-16 09:22:46'),
(99, 7, '403.52', 2, '2025-05-16 09:22:48'),
(100, 8, '98.35', 1, '2025-05-16 09:23:04'),
(101, 7, '403.54', 2, '2025-05-16 09:23:06'),
(102, 8, '123.34', 1, '2025-05-16 09:23:23'),
(103, 8, '156', 1, '2025-05-16 09:23:41'),
(104, 7, '403.52', 2, '2025-05-16 09:23:44'),
(105, 8, '143.43', 1, '2025-05-16 09:23:59'),
(106, 7, '403.47', 2, '2025-05-16 09:24:03'),
(107, 8, '179.68', 1, '2025-05-16 09:24:17'),
(108, 7, '403.49', 2, '2025-05-16 09:24:22'),
(109, 8, '202.69', 1, '2025-05-16 09:24:35'),
(110, 8, '227.83', 1, '2025-05-16 09:24:52'),
(111, 7, '403.54', 2, '2025-05-16 09:24:57'),
(112, 8, '191.07', 1, '2025-05-16 09:25:10'),
(113, 7, '403.47', 2, '2025-05-16 09:25:16'),
(114, 8, '160.07', 1, '2025-05-16 09:25:27'),
(115, 7, '403.49', 2, '2025-05-16 09:25:34'),
(116, 8, '166.41', 1, '2025-05-16 09:25:45'),
(117, 7, '403.52', 2, '2025-05-16 09:25:52'),
(118, 8, '175.3', 1, '2025-05-16 09:26:03'),
(119, 7, '403.49', 2, '2025-05-16 09:26:11'),
(120, 8, '192.76', 1, '2025-05-16 09:26:20'),
(121, 7, '403.51', 2, '2025-05-16 09:26:29'),
(122, 8, '175.3', 1, '2025-05-16 09:26:40'),
(123, 7, '403.49', 2, '2025-05-16 09:26:50'),
(124, 8, '202.39', 1, '2025-05-16 09:26:58'),
(125, 8, '183.66', 1, '2025-05-16 09:27:16'),
(126, 7, '403.54', 2, '2025-05-16 09:27:26'),
(127, 8, '172.53', 1, '2025-05-16 09:27:33'),
(128, 7, '403.49', 2, '2025-05-16 09:27:44'),
(129, 8, '154.23', 1, '2025-05-16 09:27:51'),
(130, 8, '112.61', 1, '2025-05-16 09:28:09'),
(131, 7, '403.47', 2, '2025-05-16 09:28:21'),
(132, 8, '85.65', 1, '2025-05-16 09:28:26'),
(133, 7, '403.49', 2, '2025-05-16 09:28:39'),
(134, 8, '88.32', 1, '2025-05-16 09:28:44'),
(135, 7, '406.87', 2, '2025-05-16 09:28:57'),
(136, 8, '67.5', 1, '2025-05-16 09:29:02'),
(137, 7, '403.51', 2, '2025-05-16 09:29:16'),
(138, 8, '70.94', 1, '2025-05-16 09:29:20'),
(139, 7, '403.47', 2, '2025-05-16 09:29:34'),
(140, 8, '71.54', 1, '2025-05-16 09:29:38'),
(141, 7, '403.49', 2, '2025-05-16 09:29:53'),
(142, 8, '60.81', 1, '2025-05-16 09:29:56'),
(143, 8, '74.64', 1, '2025-05-16 09:30:14'),
(144, 8, '90.07', 1, '2025-05-16 09:30:31'),
(145, 8, '86.37', 1, '2025-05-16 09:30:49'),
(146, 7, '403.51', 2, '2025-05-16 09:31:08'),
(147, 8, '66.26', 1, '2025-05-16 09:31:09'),
(148, 8, '68.56', 1, '2025-05-16 09:31:28'),
(149, 7, '403.49', 2, '2025-05-16 09:31:28'),
(150, 8, '70.84', 1, '2025-05-16 09:31:45'),
(151, 7, '403.52', 2, '2025-05-16 09:31:46'),
(152, 8, '83.75', 1, '2025-05-16 09:32:03'),
(153, 7, '403.49', 2, '2025-05-16 09:32:04'),
(154, 8, '79.63', 1, '2025-05-16 09:32:21'),
(155, 7, '403.52', 2, '2025-05-16 09:32:23'),
(156, 8, '97.67', 1, '2025-05-16 09:32:39'),
(157, 7, '403.47', 2, '2025-05-16 09:32:42'),
(158, 8, '105.75', 1, '2025-05-16 09:32:57'),
(159, 7, '403.49', 2, '2025-05-16 09:33:00'),
(160, 5, '17.7', 3, '2025-05-16 09:38:17'),
(161, 5, '94', 4, '2025-05-16 09:38:17'),
(162, 8, '124.91', 1, '2025-05-16 09:38:22'),
(163, 7, '403.52', 2, '2025-05-16 09:38:26'),
(164, 8, '130.48', 1, '2025-05-16 09:38:39'),
(165, 7, '403.49', 2, '2025-05-16 09:38:44'),
(166, 8, '99.59', 1, '2025-05-16 09:38:57'),
(167, 8, '107.84', 1, '2025-05-16 09:39:15'),
(168, 8, '86.85', 1, '2025-05-16 09:39:33'),
(169, 7, '403.52', 2, '2025-05-16 09:39:40'),
(170, 8, '96.04', 1, '2025-05-16 09:39:51'),
(171, 7, '403.49', 2, '2025-05-16 09:39:58'),
(172, 5, '55.9', 3, '2025-05-16 09:40:00'),
(173, 8, '94.84', 1, '2025-05-16 09:40:08'),
(174, 7, '403.54', 2, '2025-05-16 09:40:16'),
(175, 5, '39', 4, '2025-05-16 09:40:18'),
(176, 8, '119.93', 1, '2025-05-16 09:40:27'),
(177, 7, '403.51', 2, '2025-05-16 09:40:35'),
(178, 8, '101.98', 1, '2025-05-16 09:40:44'),
(179, 7, '403.49', 2, '2025-05-16 09:40:53'),
(180, 8, '94.58', 1, '2025-05-16 09:41:02'),
(181, 8, '111.67', 1, '2025-05-16 09:41:19'),
(182, 7, '403.52', 2, '2025-05-16 09:41:29'),
(183, 8, '91.98', 1, '2025-05-16 09:41:37'),
(184, 7, '403.54', 2, '2025-05-16 09:41:47'),
(185, 8, '82.24', 1, '2025-05-16 09:41:56'),
(186, 7, '403.49', 2, '2025-05-16 09:42:07'),
(187, 8, '89.32', 1, '2025-05-16 09:42:13'),
(188, 8, '85.53', 1, '2025-05-16 09:42:31'),
(189, 8, '72.97', 1, '2025-05-16 09:42:48'),
(190, 8, '61.61', 1, '2025-05-16 09:43:07'),
(191, 7, '403.52', 2, '2025-05-16 09:43:20'),
(192, 8, '54.88', 1, '2025-05-16 09:43:25'),
(193, 7, '403.49', 2, '2025-05-16 09:43:39'),
(194, 8, '53.3', 1, '2025-05-16 09:43:43'),
(195, 8, '52.44', 1, '2025-05-16 09:44:01'),
(196, 8, '70.74', 1, '2025-05-16 09:44:20'),
(197, 8, '55.12', 1, '2025-05-16 09:44:38'),
(198, 8, '47.85', 1, '2025-05-16 09:44:57'),
(199, 7, '403.54', 2, '2025-05-16 09:45:14'),
(200, 8, '43.4', 1, '2025-05-16 09:45:15'),
(201, 7, '403.49', 2, '2025-05-16 09:45:32'),
(202, 8, '34.87', 1, '2025-05-16 09:45:32'),
(203, 8, '43.53', 1, '2025-05-16 09:45:50'),
(204, 8, '41.27', 1, '2025-05-16 09:46:09'),
(205, 8, '42.68', 1, '2025-05-16 09:46:27'),
(206, 8, '35.82', 1, '2025-05-16 09:46:45'),
(207, 8, '47.36', 1, '2025-05-16 09:47:04'),
(208, 7, '403.51', 2, '2025-05-16 09:47:08'),
(209, 8, '40.02', 1, '2025-05-16 09:47:23'),
(210, 7, '403.49', 2, '2025-05-16 09:47:26'),
(211, 8, '37.49', 1, '2025-05-16 09:47:42'),
(212, 7, '403.52', 2, '2025-05-16 09:47:46'),
(213, 8, '48.5', 1, '2025-05-16 09:48:00'),
(214, 7, '403.49', 2, '2025-05-16 09:48:05'),
(215, 8, '54.72', 1, '2025-05-16 09:48:18'),
(216, 7, '403.51', 2, '2025-05-16 09:48:23'),
(217, 8, '60.47', 1, '2025-05-16 09:48:36'),
(218, 7, '403.49', 2, '2025-05-16 09:48:41'),
(219, 8, '50.85', 1, '2025-05-16 09:48:53'),
(220, 8, '69.94', 1, '2025-05-16 09:49:13'),
(221, 8, '59', 1, '2025-05-16 09:49:31'),
(222, 7, '403.51', 2, '2025-05-16 09:49:38'),
(223, 8, '57.99', 1, '2025-05-16 09:49:49'),
(224, 7, '403.52', 2, '2025-05-16 09:49:57'),
(225, 8, '79.96', 1, '2025-05-16 09:50:07'),
(226, 7, '403.49', 2, '2025-05-16 09:50:17'),
(227, 8, '81.55', 1, '2025-05-16 09:50:27'),
(228, 7, '403.51', 2, '2025-05-16 09:50:37'),
(229, 8, '98.08', 1, '2025-05-16 09:51:23'),
(230, 7, '403.54', 2, '2025-05-16 09:51:35'),
(231, 8, '120.44', 1, '2025-05-16 09:51:42'),
(232, 7, '403.49', 2, '2025-05-16 09:51:54'),
(233, 8, '131.58', 1, '2025-05-16 09:52:01'),
(234, 7, '403.47', 2, '2025-05-16 09:52:15'),
(235, 8, '147.77', 1, '2025-05-16 09:52:22'),
(236, 7, '403.49', 2, '2025-05-16 09:52:36'),
(237, 8, '125.97', 1, '2025-05-16 09:52:41'),
(238, 8, '114.52', 1, '2025-05-16 09:52:59'),
(239, 5, '-15.2', 3, '2025-05-16 09:53:01'),
(240, 5, '86', 4, '2025-05-16 09:53:02'),
(241, 7, '403.52', 2, '2025-05-16 09:53:14'),
(242, 8, '139.62', 1, '2025-05-16 09:53:17'),
(243, 7, '403.49', 2, '2025-05-16 09:53:32'),
(244, 8, '144.86', 1, '2025-05-16 09:53:36'),
(245, 7, '403.54', 2, '2025-05-16 09:53:52'),
(246, 8, '130.66', 1, '2025-05-16 09:53:54'),
(247, 7, '403.49', 2, '2025-05-16 09:54:16'),
(248, 5, '-15.2', 3, '2025-05-16 09:54:18'),
(249, 5, '86', 4, '2025-05-16 09:54:18'),
(250, 8, '110.89', 1, '2025-05-16 09:54:18'),
(251, 8, '128.83', 1, '2025-05-16 09:54:37'),
(252, 7, '403.52', 2, '2025-05-16 09:54:55'),
(253, 8, '96.45', 1, '2025-05-16 09:54:55'),
(254, 7, '403.54', 2, '2025-05-16 09:55:14'),
(255, 8, '90.19', 1, '2025-05-16 09:55:15'),
(256, 8, '120.1', 1, '2025-05-16 09:55:33'),
(257, 7, '403.49', 2, '2025-05-16 09:55:34'),
(258, 8, '148.62', 1, '2025-05-16 09:55:52'),
(259, 8, '159.16', 1, '2025-05-16 09:56:10'),
(260, 7, '403.52', 2, '2025-05-16 09:56:12'),
(261, 8, '200.3', 1, '2025-05-16 09:56:28'),
(262, 7, '403.49', 2, '2025-05-16 09:56:31'),
(263, 8, '150.32', 1, '2025-05-16 09:56:49'),
(264, 8, '191.35', 1, '2025-05-16 09:57:09'),
(265, 7, '403.51', 2, '2025-05-16 09:57:13'),
(266, 8, '226.45', 1, '2025-05-16 09:57:29'),
(267, 7, '403.49', 2, '2025-05-16 09:57:33'),
(268, 8, '183.39', 1, '2025-05-16 09:57:48'),
(269, 5, '38.9', 3, '2025-05-16 09:57:59'),
(270, 5, '63', 4, '2025-05-16 09:57:59'),
(271, 8, '135.92', 1, '2025-05-16 09:58:06'),
(272, 7, '403.54', 2, '2025-05-16 09:58:12'),
(273, 8, '113.4', 1, '2025-05-16 09:58:24'),
(274, 7, '403.51', 2, '2025-05-16 09:58:30'),
(275, 8, '104.72', 1, '2025-05-16 09:58:42'),
(276, 7, '403.49', 2, '2025-05-16 09:58:49'),
(277, 8, '95.11', 1, '2025-05-16 09:59:01'),
(278, 8, '73.7', 1, '2025-05-16 09:59:20'),
(279, 7, '403.54', 2, '2025-05-16 09:59:28'),
(280, 8, '63.12', 1, '2025-05-16 09:59:38'),
(281, 7, '403.49', 2, '2025-05-16 09:59:47'),
(282, 8, '68.37', 1, '2025-05-16 09:59:56'),
(283, 7, '403.52', 2, '2025-05-16 10:00:06'),
(284, 8, '93.14', 1, '2025-05-16 10:00:15'),
(285, 7, '403.51', 2, '2025-05-16 10:00:25'),
(286, 8, '118.76', 1, '2025-05-16 10:00:33'),
(287, 7, '403.52', 2, '2025-05-16 10:00:44'),
(288, 8, '90.95', 1, '2025-05-16 10:00:51'),
(289, 7, '403.49', 2, '2025-05-16 10:01:02'),
(290, 8, '104.14', 1, '2025-05-16 10:01:10'),
(291, 8, '87.59', 1, '2025-05-16 10:01:28'),
(292, 7, '403.52', 2, '2025-05-16 10:01:40'),
(293, 8, '104.14', 1, '2025-05-16 10:01:47'),
(294, 7, '403.49', 2, '2025-05-16 10:02:00'),
(295, 8, '96.18', 1, '2025-05-16 10:02:06'),
(296, 8, '87.71', 1, '2025-05-16 10:02:25'),
(297, 7, '403.54', 2, '2025-05-16 10:02:39'),
(298, 8, '105.46', 1, '2025-05-16 10:02:44'),
(299, 7, '403.49', 2, '2025-05-16 10:02:59'),
(300, 8, '83.63', 1, '2025-05-16 10:03:03'),
(301, 7, '403.54', 2, '2025-05-16 10:03:18'),
(302, 8, '83.98', 1, '2025-05-16 10:03:21'),
(303, 7, '406.88', 2, '2025-05-16 10:03:37'),
(304, 8, '93.66', 1, '2025-05-16 10:03:39'),
(305, 7, '403.49', 2, '2025-05-16 10:03:55'),
(306, 8, '105.02', 1, '2025-05-16 10:03:58'),
(307, 8, '129.2', 1, '2025-05-16 10:04:16'),
(308, 8, '111.83', 1, '2025-05-16 10:04:34'),
(309, 8, '100.43', 1, '2025-05-16 10:04:52'),
(310, 7, '403.54', 2, '2025-05-16 10:04:52'),
(311, 8, '131.96', 1, '2025-05-16 10:05:11'),
(312, 7, '403.52', 2, '2025-05-16 10:05:12'),
(313, 8, '99.59', 1, '2025-05-16 10:05:28'),
(314, 7, '403.54', 2, '2025-05-16 10:05:30'),
(315, 8, '108.75', 1, '2025-05-16 10:05:46'),
(316, 7, '403.51', 2, '2025-05-16 10:05:48'),
(317, 8, '122.31', 1, '2025-05-16 10:06:04'),
(318, 7, '403.49', 2, '2025-05-16 10:06:07'),
(319, 8, '105.31', 1, '2025-05-16 10:06:22'),
(320, 7, '403.52', 2, '2025-05-16 10:06:25'),
(321, 8, '115.65', 1, '2025-05-16 10:06:40'),
(322, 7, '403.49', 2, '2025-05-16 10:06:44'),
(323, 8, '138.64', 1, '2025-05-16 10:06:58'),
(324, 7, '403.51', 2, '2025-05-16 10:07:02'),
(325, 8, '108.44', 1, '2025-05-16 10:07:16'),
(326, 7, '403.49', 2, '2025-05-16 10:07:21'),
(327, 8, '98.9', 1, '2025-05-16 10:07:34'),
(328, 8, '115.32', 1, '2025-05-16 10:07:51'),
(329, 8, '96.85', 1, '2025-05-16 10:08:09'),
(330, 7, '403.47', 2, '2025-05-16 10:08:16'),
(331, 8, '105.46', 1, '2025-05-16 10:08:27'),
(332, 7, '403.54', 2, '2025-05-16 10:08:34'),
(333, 8, '81.66', 1, '2025-05-16 10:08:44'),
(334, 7, '403.49', 2, '2025-05-16 10:08:52'),
(335, 8, '85.29', 1, '2025-05-16 10:09:02'),
(336, 8, '75.17', 1, '2025-05-16 10:09:20'),
(337, 8, '75.48', 1, '2025-05-16 10:09:39'),
(338, 8, '63.4', 1, '2025-05-16 10:09:57'),
(339, 7, '406.87', 2, '2025-05-16 10:10:07'),
(340, 8, '52.68', 1, '2025-05-16 10:10:15'),
(341, 7, '403.54', 2, '2025-05-16 10:10:27'),
(342, 8, '45.34', 1, '2025-05-16 10:10:34'),
(343, 7, '403.49', 2, '2025-05-16 10:10:46'),
(344, 8, '63.31', 1, '2025-05-16 10:10:53'),
(345, 7, '403.47', 2, '2025-05-16 10:11:06'),
(346, 8, '88.32', 1, '2025-05-16 10:11:12'),
(347, 8, '86.85', 1, '2025-05-16 10:11:30'),
(348, 7, '403.52', 2, '2025-05-16 10:11:43'),
(349, 8, '98.76', 1, '2025-05-16 10:11:48'),
(350, 7, '403.49', 2, '2025-05-16 10:12:03'),
(351, 8, '96.18', 1, '2025-05-16 10:12:07'),
(352, 7, '403.52', 2, '2025-05-16 10:12:21'),
(353, 8, '97.8', 1, '2025-05-16 10:12:25'),
(354, 7, '403.49', 2, '2025-05-16 10:12:41'),
(355, 8, '100.57', 1, '2025-05-16 10:12:44'),
(356, 7, '403.52', 2, '2025-05-16 10:12:59'),
(357, 8, '94.05', 1, '2025-05-16 10:13:02'),
(358, 7, '403.51', 2, '2025-05-16 10:13:19'),
(359, 8, '79.96', 1, '2025-05-16 10:13:21'),
(360, 7, '403.52', 2, '2025-05-16 10:13:38'),
(361, 8, '67.02', 1, '2025-05-16 10:13:39'),
(362, 7, '403.49', 2, '2025-05-16 10:13:56'),
(363, 8, '55.6', 1, '2025-05-16 10:13:57'),
(364, 8, '53.61', 1, '2025-05-16 10:14:15'),
(365, 7, '403.52', 2, '2025-05-16 10:14:16'),
(366, 8, '63.12', 1, '2025-05-16 10:14:34'),
(367, 7, '403.49', 2, '2025-05-16 10:14:35'),
(368, 8, '59.86', 1, '2025-05-16 10:14:53'),
(369, 8, '67.98', 1, '2025-05-16 10:15:13'),
(370, 8, '60.29', 1, '2025-05-16 10:15:31'),
(371, 7, '403.54', 2, '2025-05-16 10:15:34'),
(372, 8, '67.21', 1, '2025-05-16 10:15:50'),
(373, 7, '403.49', 2, '2025-05-16 10:15:53'),
(374, 8, '83.63', 1, '2025-05-16 10:16:08'),
(375, 8, '112.77', 1, '2025-05-16 10:16:25'),
(376, 8, '140.41', 1, '2025-05-16 10:16:44'),
(377, 7, '403.52', 2, '2025-05-16 10:16:49'),
(378, 8, '161', 1, '2025-05-16 10:17:02'),
(379, 7, '403.49', 2, '2025-05-16 10:17:08'),
(380, 8, '167.61', 1, '2025-05-16 10:17:20'),
(381, 8, '203.59', 1, '2025-05-16 10:17:38'),
(382, 7, '403.51', 2, '2025-05-16 10:17:45'),
(383, 8, '167.61', 1, '2025-05-16 10:17:56'),
(384, 7, '403.47', 2, '2025-05-16 10:18:04'),
(385, 8, '164.5', 1, '2025-05-16 10:18:14'),
(386, 7, '403.52', 2, '2025-05-16 10:18:23'),
(387, 8, '138.64', 1, '2025-05-16 10:18:32'),
(388, 7, '403.54', 2, '2025-05-16 10:18:41'),
(389, 8, '160.53', 1, '2025-05-16 10:18:51'),
(390, 7, '403.49', 2, '2025-05-16 10:19:01'),
(391, 8, '116.29', 1, '2025-05-16 10:19:10'),
(392, 8, '146.1', 1, '2025-05-16 10:19:28'),
(393, 8, '124.04', 1, '2025-05-16 10:19:46'),
(394, 7, '403.54', 2, '2025-05-16 10:19:58'),
(395, 8, '106.05', 1, '2025-05-16 10:20:05'),
(396, 7, '403.49', 2, '2025-05-16 10:20:17'),
(3000, 3, '45', 5, '2025-05-16 05:19:55'),
(3001, 8, '90.57', 1, '2025-05-16 10:20:23'),
(3002, 7, '403.47', 2, '2025-05-16 10:20:36'),
(3003, 8, '97.26', 1, '2025-05-16 10:20:42'),
(3004, 7, '403.51', 2, '2025-05-16 10:20:55'),
(3005, 8, '95.78', 1, '2025-05-16 10:21:00'),
(3006, 7, '403.52', 2, '2025-05-16 10:21:14'),
(3007, 8, '118.26', 1, '2025-05-16 10:21:18'),
(33330, 3, '78', 5, '2025-05-16 05:20:46'),
(33331, 7, '403.49', 2, '2025-05-16 10:21:33'),
(33332, 8, '94.58', 1, '2025-05-16 10:21:37'),
(33333, 7, '403.51', 2, '2025-05-16 10:21:52'),
(33334, 8, '121.46', 1, '2025-05-16 10:21:56'),
(33335, 7, '403.54', 2, '2025-05-16 10:22:11'),
(33336, 8, '104.87', 1, '2025-05-16 10:22:14'),
(33337, 8, '122.83', 1, '2025-05-16 10:22:30'),
(33338, 7, '403.49', 2, '2025-05-16 10:22:46'),
(33339, 8, '119.6', 1, '2025-05-16 10:22:47'),
(33340, 8, '140.61', 1, '2025-05-16 10:23:04'),
(33341, 8, '157.35', 1, '2025-05-16 10:23:20'),
(33342, 8, '135.16', 1, '2025-05-16 10:23:37'),
(33343, 7, '403.52', 2, '2025-05-16 10:23:38'),
(33344, 8, '99.45', 1, '2025-05-16 10:23:56'),
(33345, 7, '403.54', 2, '2025-05-16 10:23:57'),
(33346, 8, '99.31', 1, '2025-05-16 10:24:14'),
(33347, 7, '403.49', 2, '2025-05-16 10:24:16'),
(33348, 8, '85.29', 1, '2025-05-16 10:24:33'),
(33349, 8, '91.59', 1, '2025-05-16 10:24:50'),
(33350, 7, '403.52', 2, '2025-05-16 10:24:53'),
(33351, 8, '112.3', 1, '2025-05-16 10:25:08'),
(33352, 7, '403.51', 2, '2025-05-16 10:25:12'),
(33353, 8, '117.11', 1, '2025-05-16 10:25:27'),
(33354, 7, '403.49', 2, '2025-05-16 10:25:31'),
(33355, 8, '123.52', 1, '2025-05-16 10:25:47'),
(33356, 8, '107.24', 1, '2025-05-16 10:26:04'),
(33357, 7, '403.54', 2, '2025-05-16 10:26:10'),
(33358, 8, '87.22', 1, '2025-05-16 10:26:22'),
(33359, 7, '403.49', 2, '2025-05-16 10:26:27'),
(33360, 8, '97.12', 1, '2025-05-16 10:26:38'),
(33361, 7, '403.52', 2, '2025-05-16 10:26:44'),
(33362, 8, '108.29', 1, '2025-05-16 10:26:54'),
(33363, 7, '403.51', 2, '2025-05-16 10:27:00'),
(33364, 8, '86.25', 1, '2025-05-16 10:27:09'),
(33365, 7, '403.52', 2, '2025-05-16 10:27:16'),
(33366, 8, '97.12', 1, '2025-05-16 10:27:25'),
(33367, 7, '403.49', 2, '2025-05-16 10:27:32'),
(33368, 8, '100.57', 1, '2025-05-16 10:27:41'),
(33369, 7, '403.47', 2, '2025-05-16 10:27:48'),
(33370, 8, '125.26', 1, '2025-05-16 10:27:56'),
(33371, 7, '403.52', 2, '2025-05-16 10:28:04'),
(33372, 8, '92.36', 1, '2025-05-16 10:28:12'),
(33373, 7, '403.49', 2, '2025-05-16 10:28:21'),
(33374, 8, '99.04', 1, '2025-05-16 10:28:27'),
(33375, 7, '403.54', 2, '2025-05-16 10:28:37'),
(33376, 8, '115.48', 1, '2025-05-16 10:28:43'),
(33377, 7, '403.49', 2, '2025-05-16 10:28:53'),
(33378, 8, '149.89', 1, '2025-05-16 10:28:59'),
(33379, 7, '403.51', 2, '2025-05-16 10:29:09'),
(33380, 8, '168.1', 1, '2025-05-16 10:29:14'),
(33381, 7, '403.49', 2, '2025-05-16 10:29:25'),
(33382, 8, '163.33', 1, '2025-05-16 10:29:30'),
(33383, 7, '403.52', 2, '2025-05-16 10:29:41'),
(33384, 8, '147.56', 1, '2025-05-16 10:29:46'),
(33385, 7, '403.49', 2, '2025-05-16 10:29:58'),
(33386, 8, '106.79', 1, '2025-05-16 10:30:01'),
(33387, 8, '86.13', 1, '2025-05-16 10:30:17'),
(33388, 8, '98.76', 1, '2025-05-16 10:30:33'),
(33389, 8, '84.46', 1, '2025-05-16 10:30:48'),
(33390, 7, '403.52', 2, '2025-05-16 10:31:02'),
(33391, 8, '80.3', 1, '2025-05-16 10:31:04'),
(33392, 7, '403.54', 2, '2025-05-16 10:31:18'),
(33393, 8, '69.25', 1, '2025-05-16 10:31:19'),
(33394, 7, '403.51', 2, '2025-05-16 10:31:34'),
(33395, 8, '81.09', 1, '2025-05-16 10:31:35'),
(33396, 7, '403.47', 2, '2025-05-16 10:31:51'),
(33397, 8, '72.15', 1, '2025-05-16 10:31:51'),
(33398, 8, '80.08', 1, '2025-05-16 10:32:06'),
(33399, 7, '403.49', 2, '2025-05-16 10:32:07'),
(33400, 8, '83.87', 1, '2025-05-16 10:32:22'),
(33401, 7, '403.51', 2, '2025-05-16 10:32:23'),
(33402, 8, '69.45', 1, '2025-05-16 10:32:38'),
(33403, 7, '403.49', 2, '2025-05-16 10:32:39'),
(33404, 8, '84.1', 1, '2025-05-16 10:32:53'),
(33405, 8, '76.55', 1, '2025-05-16 10:33:09'),
(33406, 8, '70.64', 1, '2025-05-16 10:33:24'),
(33407, 7, '403.51', 2, '2025-05-16 10:33:27'),
(33408, 8, '74.53', 1, '2025-05-16 10:33:40'),
(33409, 7, '403.52', 2, '2025-05-16 10:33:43'),
(33410, 8, '98.62', 1, '2025-05-16 10:33:56'),
(33411, 7, '403.49', 2, '2025-05-16 10:34:00'),
(33412, 8, '106.49', 1, '2025-05-16 10:34:11'),
(33413, 7, '403.51', 2, '2025-05-16 10:34:16'),
(33414, 8, '127.57', 1, '2025-05-16 10:34:27'),
(33415, 7, '403.52', 2, '2025-05-16 10:34:32'),
(33416, 8, '107.54', 1, '2025-05-16 10:34:42'),
(33417, 7, '403.49', 2, '2025-05-16 10:34:48'),
(33418, 8, '140.22', 1, '2025-05-16 10:34:58'),
(33419, 7, '403.51', 2, '2025-05-16 10:35:04'),
(33420, 8, '125.79', 1, '2025-05-16 10:35:14'),
(33421, 7, '403.49', 2, '2025-05-16 10:35:20'),
(33422, 8, '117.11', 1, '2025-05-16 10:35:29'),
(33423, 7, '403.54', 2, '2025-05-16 10:35:36'),
(33424, 8, '129.2', 1, '2025-05-16 10:35:45'),
(33425, 7, '403.52', 2, '2025-05-16 10:35:53'),
(33426, 8, '152.48', 1, '2025-05-16 10:36:00'),
(33427, 7, '403.47', 2, '2025-05-16 10:36:09'),
(33428, 8, '141.21', 1, '2025-05-16 10:36:16'),
(33429, 7, '403.49', 2, '2025-05-16 10:36:25'),
(33430, 8, '166.17', 1, '2025-05-16 10:36:32'),
(33431, 7, '403.52', 2, '2025-05-16 10:36:41'),
(33432, 8, '155.33', 1, '2025-05-16 10:36:47'),
(33433, 8, '159.16', 1, '2025-05-16 10:37:03'),
(33434, 7, '403.49', 2, '2025-05-16 10:37:13'),
(33435, 8, '147.98', 1, '2025-05-16 10:37:19'),
(33436, 8, '147.14', 1, '2025-05-16 10:37:34'),
(33437, 7, '403.51', 2, '2025-05-16 10:37:46'),
(33438, 8, '29.09', 1, '2025-05-17 00:27:03'),
(33439, 8, '40.08', 1, '2025-05-17 00:27:18'),
(33440, 7, '403.52', 2, '2025-05-17 00:27:21'),
(33441, 8, '44.46', 1, '2025-05-17 00:27:35'),
(33442, 8, '56.58', 1, '2025-05-17 00:27:50'),
(33443, 7, '403.49', 2, '2025-05-17 00:27:53'),
(33444, 8, '54.4', 1, '2025-05-17 00:28:06'),
(33445, 7, '403.52', 2, '2025-05-17 00:28:10'),
(33446, 8, '41.52', 1, '2025-05-17 00:39:51'),
(33447, 7, '403.52', 2, '2025-05-17 00:39:51'),
(33448, 5, '58.5', 3, '2025-05-17 00:40:05'),
(33449, 8, '46.72', 1, '2025-05-17 00:40:06'),
(33450, 7, '403.54', 2, '2025-05-17 00:40:08'),
(33451, 5, '79', 4, '2025-05-17 00:40:21'),
(33452, 8, '51.3', 1, '2025-05-17 00:40:22'),
(33453, 7, '403.51', 2, '2025-05-17 00:40:24'),
(33454, 5, '-4.4', 3, '2025-05-17 00:40:36'),
(33455, 5, '29.5', 4, '2025-05-17 00:40:36'),
(33456, 8, '46.44', 1, '2025-05-17 00:40:38'),
(33457, 7, '403.47', 2, '2025-05-17 00:40:40'),
(33458, 5, '52.5', 3, '2025-05-17 00:40:51'),
(33459, 8, '61.87', 1, '2025-05-17 00:40:53'),
(33460, 7, '403.49', 2, '2025-05-17 00:40:56'),
(33461, 8, '64.59', 1, '2025-05-17 00:41:09'),
(33462, 8, '75.8', 1, '2025-05-17 00:41:25'),
(33463, 7, '403.54', 2, '2025-05-17 00:41:28'),
(33464, 8, '88.69', 1, '2025-05-17 00:41:40'),
(33465, 7, '403.49', 2, '2025-05-17 00:41:45'),
(33466, 8, '97.8', 1, '2025-05-17 00:41:56'),
(33467, 7, '403.54', 2, '2025-05-17 00:42:01'),
(33468, 8, '87.71', 1, '2025-05-17 00:42:12'),
(33469, 7, '403.52', 2, '2025-05-17 00:42:18'),
(33470, 8, '102.27', 1, '2025-05-17 00:42:28'),
(33471, 8, '79.4', 1, '2025-05-17 00:42:44'),
(33472, 8, '94.32', 1, '2025-05-17 00:43:00'),
(33473, 7, '403.49', 2, '2025-05-17 00:43:07'),
(33474, 8, '78.08', 1, '2025-05-17 00:43:15'),
(33475, 5, '71.2', 3, '2025-05-17 00:43:23'),
(33476, 5, '76.5', 4, '2025-05-17 00:43:23'),
(33477, 8, '84.58', 1, '2025-05-17 00:43:31'),
(33478, 7, '403.52', 2, '2025-05-17 00:43:39'),
(33479, 8, '96.45', 1, '2025-05-17 00:43:47'),
(33480, 7, '403.54', 2, '2025-05-17 00:43:55'),
(33481, 8, '76.55', 1, '2025-05-17 00:44:02'),
(33482, 7, '403.52', 2, '2025-05-17 00:44:11'),
(33483, 8, '86.85', 1, '2025-05-17 00:44:18'),
(33484, 8, '30.98', 1, '2025-05-17 00:46:37'),
(33485, 7, '403.49', 2, '2025-05-17 00:46:37'),
(33486, 5, '-18.8', 3, '2025-05-17 00:46:51'),
(33487, 5, '94', 4, '2025-05-17 00:46:51'),
(33488, 8, '28.66', 1, '2025-05-17 00:46:52'),
(33489, 7, '403.47', 2, '2025-05-17 00:46:53'),
(33490, 5, '34.7', 3, '2025-05-17 00:47:07'),
(33491, 5, '53', 4, '2025-05-17 00:47:07'),
(33492, 8, '27.15', 1, '2025-05-17 00:47:08'),
(33493, 8, '32.07', 1, '2025-05-17 00:47:24'),
(33494, 7, '403.49', 2, '2025-05-17 00:47:26'),
(33495, 5, '-9.5', 3, '2025-05-17 00:47:37'),
(33496, 5, '84', 4, '2025-05-17 00:47:37'),
(33497, 8, '26.51', 1, '2025-05-17 00:47:39'),
(33498, 7, '403.47', 2, '2025-05-17 00:47:42'),
(33499, 8, '25.92', 1, '2025-05-17 00:47:55'),
(33500, 8, '22.99', 1, '2025-05-17 00:48:11'),
(33501, 7, '403.49', 2, '2025-05-17 00:48:14'),
(33502, 8, '20.56', 1, '2025-05-17 00:48:26'),
(33503, 7, '403.47', 2, '2025-05-17 00:48:31'),
(33504, 8, '18.2', 1, '2025-05-17 00:48:42'),
(33505, 8, '28.51', 1, '2025-05-17 00:48:58'),
(33506, 7, '403.49', 2, '2025-05-17 00:49:03'),
(33507, 8, '188.83', 1, '2025-05-18 10:49:01'),
(33508, 7, '403.49', 2, '2025-05-18 10:49:01'),
(33509, 18, '757.98', 1, '2025-05-18 10:50:47'),
(33510, 17, '403.49', 2, '2025-05-18 10:50:48'),
(33511, 18, '556.54', 1, '2025-05-18 10:51:02'),
(33512, 18, '568.76', 1, '2025-05-18 10:51:18'),
(33513, 17, '403.45', 2, '2025-05-18 10:51:18'),
(33514, 18, '485.75', 1, '2025-05-18 10:51:33'),
(33515, 18, '318.47', 1, '2025-05-18 10:51:49'),
(33516, 17, '403.51', 2, '2025-05-18 10:51:50'),
(33517, 8, '203.89', 1, '2025-05-18 10:52:05'),
(33518, 5, '-25.8', 3, '2025-05-18 10:52:05'),
(33519, 5, '79.5', 4, '2025-05-18 10:52:05'),
(33520, 7, '403.51', 2, '2025-05-18 10:52:05'),
(33521, 18, '238.11', 1, '2025-05-18 10:52:05'),
(33522, 17, '403.49', 2, '2025-05-18 10:52:06'),
(33523, 8, '162.62', 1, '2025-05-18 10:52:21'),
(33524, 5, '59.1', 3, '2025-05-18 10:52:21'),
(33525, 5, '34.5', 4, '2025-05-18 10:52:21'),
(33526, 7, '403.49', 2, '2025-05-18 10:52:21'),
(33527, 18, '186.09', 1, '2025-05-18 10:52:21'),
(33528, 17, '403.52', 2, '2025-05-18 10:52:22'),
(33529, 8, '179.42', 1, '2025-05-18 10:52:37'),
(33530, 5, '6.4', 3, '2025-05-18 10:52:37'),
(33531, 5, '97.5', 4, '2025-05-18 10:52:37'),
(33532, 7, '403.45', 2, '2025-05-18 10:52:37'),
(33533, 18, '161.92', 1, '2025-05-18 10:52:37'),
(33534, 17, '403.47', 2, '2025-05-18 10:52:38'),
(33535, 8, '143.63', 1, '2025-05-18 10:52:52'),
(33536, 18, '894.96', 1, '2025-05-18 11:10:49'),
(33537, 17, '403.47', 2, '2025-05-18 11:10:50'),
(33538, 8, '1440.53', 1, '2025-05-18 11:10:55'),
(33539, 7, '403.47', 2, '2025-05-18 11:10:55'),
(33540, 18, '948.62', 1, '2025-05-18 11:11:05'),
(33541, 17, '403.49', 2, '2025-05-18 11:11:06'),
(33542, 8, '677', 1, '2025-05-18 11:11:11'),
(33543, 18, '538.37', 1, '2025-05-18 11:11:21'),
(33544, 17, '403.47', 2, '2025-05-18 11:11:22'),
(33545, 8, '576.72', 1, '2025-05-18 11:11:26'),
(33546, 5, '-9.3', 3, '2025-05-18 11:11:26'),
(33547, 5, '87', 4, '2025-05-18 11:11:27'),
(33548, 7, '403.45', 2, '2025-05-18 11:11:27'),
(33549, 18, '465.45', 1, '2025-05-18 11:11:37'),
(33550, 19, '-24.6', 3, '2025-05-18 11:11:37'),
(33551, 19, '89.5', 4, '2025-05-18 11:11:37'),
(33552, 17, '403.51', 2, '2025-05-18 11:11:37'),
(33553, 8, '515.05', 1, '2025-05-18 11:11:42'),
(33554, 5, '55.7', 3, '2025-05-18 11:11:42'),
(33555, 5, '47', 4, '2025-05-18 11:11:43'),
(33556, 18, '289.93', 1, '2025-05-18 11:11:53'),
(33557, 17, '403.47', 2, '2025-05-18 11:11:53'),
(33558, 8, '322.15', 1, '2025-05-18 11:11:58'),
(33559, 7, '403.47', 2, '2025-05-18 11:11:58'),
(33560, 18, '340.25', 1, '2025-05-18 11:12:09'),
(33561, 17, '403.45', 2, '2025-05-18 11:12:09'),
(33562, 8, '277.74', 1, '2025-05-18 11:12:14'),
(33563, 7, '403.49', 2, '2025-05-18 11:12:14'),
(33564, 18, '311.78', 1, '2025-05-18 11:12:25'),
(33565, 8, '193.9', 1, '2025-05-18 11:12:32'),
(33566, 5, '-17.3', 3, '2025-05-18 11:12:32'),
(33567, 5, '86', 4, '2025-05-18 11:12:32'),
(33568, 18, '286.25', 1, '2025-05-18 11:12:43'),
(33569, 19, '-24.6', 3, '2025-05-18 11:12:43'),
(33570, 19, '89.5', 4, '2025-05-18 11:12:43'),
(33571, 8, '175.05', 1, '2025-05-18 11:14:27'),
(33572, 8, '128.83', 1, '2025-05-18 11:14:43'),
(33573, 7, '406.27', 2, '2025-05-18 11:14:43'),
(33574, 8, '95.38', 1, '2025-05-18 11:14:59'),
(33575, 7, '403.49', 2, '2025-05-18 11:14:59'),
(33576, 18, '2073.77', 1, '2025-05-18 11:15:01'),
(33577, 19, '2.2', 3, '2025-05-18 11:15:01'),
(33578, 19, '96', 4, '2025-05-18 11:15:01'),
(33579, 17, '403.47', 2, '2025-05-18 11:15:01'),
(33580, 18, '1531.51', 1, '2025-05-18 11:15:16'),
(33581, 18, '1393.94', 1, '2025-05-18 11:15:32'),
(33582, 19, '58.3', 3, '2025-05-18 11:15:32'),
(33583, 19, '40', 4, '2025-05-18 11:15:32'),
(33584, 17, '403.52', 2, '2025-05-18 11:15:32'),
(33585, 18, '910.14', 1, '2025-05-18 11:15:47'),
(33586, 17, '404.29', 2, '2025-05-18 11:15:47'),
(33587, 18, '816.72', 1, '2025-05-18 11:16:02'),
(33588, 17, '403.47', 2, '2025-05-18 11:16:02'),
(33589, 18, '738.12', 1, '2025-05-18 11:16:17'),
(33590, 17, '403.49', 2, '2025-05-18 11:16:17'),
(33591, 18, '811.12', 1, '2025-05-18 11:16:32'),
(33592, 17, '403.47', 2, '2025-05-18 11:16:32'),
(33593, 18, '621.5', 1, '2025-05-18 11:16:47'),
(33594, 8, '67.69', 1, '2025-05-18 11:21:25'),
(33595, 5, '59.5', 3, '2025-05-18 11:21:25'),
(33596, 5, '26', 4, '2025-05-18 11:21:25'),
(33597, 7, '403.51', 2, '2025-05-18 11:21:25'),
(33598, 18, '189.11', 1, '2025-05-18 11:21:26'),
(33599, 17, '403.49', 2, '2025-05-18 11:21:27'),
(33600, 8, '60.81', 1, '2025-05-18 11:21:40'),
(33601, 7, '406.16', 2, '2025-05-18 11:21:41'),
(33602, 18, '204.8', 1, '2025-05-18 11:21:42'),
(33603, 19, '-31.4', 3, '2025-05-18 11:21:42'),
(33604, 19, '94', 4, '2025-05-18 11:21:42'),
(33605, 17, '403.45', 2, '2025-05-18 11:21:42'),
(33606, 8, '61.34', 1, '2025-05-18 11:21:56'),
(33607, 5, '-2.9', 3, '2025-05-18 11:21:56'),
(33608, 7, '403.47', 2, '2025-05-18 11:21:56'),
(33609, 18, '187.18', 1, '2025-05-18 11:21:57'),
(33610, 17, '403.47', 2, '2025-05-18 11:21:58'),
(33611, 8, '82.47', 1, '2025-05-18 11:22:11'),
(33612, 5, '77.8', 3, '2025-05-18 11:22:12'),
(33613, 5, '65.5', 4, '2025-05-18 11:22:12'),
(33614, 7, '214.86', 2, '2025-05-18 11:22:12'),
(33615, 18, '202.99', 1, '2025-05-18 11:22:13'),
(33616, 17, '101.85', 2, '2025-05-18 11:22:13'),
(33617, 8, '89.32', 1, '2025-05-18 11:22:27'),
(33618, 18, '247.81', 1, '2025-05-18 11:22:28'),
(33619, 19, '45.5', 3, '2025-05-18 11:22:28'),
(33620, 19, '34.5', 4, '2025-05-18 11:22:28'),
(33621, 8, '113.09', 1, '2025-05-18 11:22:42'),
(33622, 5, '-17.8', 3, '2025-05-18 11:22:43'),
(33623, 5, '87', 4, '2025-05-18 11:22:43'),
(33624, 18, '203.89', 1, '2025-05-18 11:22:44'),
(33625, 8, '91.98', 1, '2025-05-18 11:22:58'),
(33626, 7, '214.84', 2, '2025-05-18 11:22:58'),
(33627, 18, '221.71', 1, '2025-05-18 11:22:59'),
(33628, 19, '-24.1', 3, '2025-05-18 11:22:59'),
(33629, 19, '68.5', 4, '2025-05-18 11:22:59'),
(33630, 7, '403.54', 2, '2025-05-19 18:08:31'),
(33631, 7, '403.49', 2, '2025-05-19 18:08:52'),
(33632, 7, '2.01', 2, '2025-05-19 18:09:12'),
(33633, 5, '83', 4, '2025-05-19 18:10:15'),
(33634, 7, '2.01', 2, '2025-05-19 18:16:12'),
(33635, 7, '2.01', 2, '2025-05-19 18:21:42'),
(33636, 7, '2.01', 2, '2025-05-19 18:30:32'),
(33637, 7, '44.38', 2, '2025-05-19 18:31:36'),
(33638, 5, '60.4', 3, '2025-05-19 18:31:36'),
(33639, 5, '59', 4, '2025-05-19 18:31:36'),
(33640, 7, '44.42', 2, '2025-05-19 18:33:25'),
(33641, 5, '-12.2', 3, '2025-05-19 18:34:08'),
(33642, 5, '74', 4, '2025-05-19 18:34:08'),
(33643, 8, '27795.06', 1, '2025-05-19 18:34:32'),
(33644, 7, '44.4', 2, '2025-05-19 18:34:32'),
(33645, 8, '1444.89', 1, '2025-05-19 18:34:55'),
(33646, 7, '44.42', 2, '2025-05-19 18:34:55'),
(33647, 7, '44.4', 2, '2025-05-19 18:35:21'),
(33648, 5, '-12.2', 3, '2025-05-19 18:37:06'),
(33649, 7, '328.82', 2, '2025-05-19 18:37:27'),
(33650, 7, '347', 2, '2025-05-19 18:37:47'),
(33651, 3, '9', 5, '2025-05-19 18:38:10'),
(33652, 7, '398.41', 2, '2025-05-19 18:38:10'),
(33653, 3, '100', 5, '2025-05-19 18:38:31'),
(33654, 7, '398.45', 2, '2025-05-19 18:38:32'),
(33655, 7, '398.41', 2, '2025-05-19 18:38:53'),
(33656, 7, '398.45', 2, '2025-05-19 18:41:28'),
(33657, 9, '0', 8, '2025-05-19 18:41:50'),
(33658, 7, '398.41', 2, '2025-05-19 18:41:51'),
(33659, 9, '1', 8, '2025-05-19 18:42:11'),
(33660, 7, '398.45', 2, '2025-05-19 18:42:13'),
(33661, 7, '398.41', 2, '2025-05-19 18:43:38'),
(33662, 8, '11.47', 1, '2025-05-19 18:44:38'),
(33663, 5, '68.5', 3, '2025-05-19 18:44:39'),
(33664, 7, '398.45', 2, '2025-05-19 18:44:40'),
(33665, 9, '0', 8, '2025-05-19 18:45:02'),
(33666, 7, '398.41', 2, '2025-05-19 18:45:28'),
(33667, 7, '398.43', 2, '2025-05-19 18:45:53'),
(33668, 7, '398.41', 2, '2025-05-19 18:46:43'),
(33669, 7, '398.43', 2, '2025-05-19 18:47:31'),
(33670, 7, '398.41', 2, '2025-05-19 18:47:57'),
(33671, 7, '398.43', 2, '2025-05-19 18:48:43'),
(33672, 7, '398.46', 2, '2025-05-19 18:49:48'),
(33673, 7, '398.43', 2, '2025-05-19 18:50:11'),
(33674, 7, '398.41', 2, '2025-05-19 18:50:34'),
(33675, 7, '398.5', 2, '2025-05-19 18:51:43'),
(33676, 7, '398.41', 2, '2025-05-19 18:52:06'),
(33677, 7, '398.46', 2, '2025-05-19 18:53:36'),
(33678, 7, '398.41', 2, '2025-05-19 18:53:59'),
(33679, 7, '398.43', 2, '2025-05-19 18:54:22'),
(33680, 7, '138.21', 2, '2025-05-21 15:52:30'),
(33681, 3, '44', 5, '2025-05-21 15:52:45'),
(33682, 5, '57.8', 3, '2025-05-21 15:52:45'),
(33683, 5, '53', 4, '2025-05-21 15:52:45'),
(33684, 7, '188.7', 2, '2025-05-21 15:52:45'),
(33685, 7, '200.74', 2, '2025-05-21 15:53:01'),
(33686, 3, '93', 5, '2025-05-21 15:53:17'),
(33687, 5, '-21.6', 3, '2025-05-21 15:53:17'),
(33688, 5, '87.5', 4, '2025-05-21 15:53:17'),
(33689, 7, '47.42', 2, '2025-05-21 15:53:17'),
(33690, 8, '7602.15', 1, '2025-05-21 15:53:48'),
(33691, 3, '27', 5, '2025-05-21 15:54:04'),
(33692, 5, '47.7', 3, '2025-05-21 15:54:04'),
(33693, 5, '37.5', 4, '2025-05-21 15:54:04'),
(33694, 7, '259.26', 2, '2025-05-21 15:54:04'),
(33695, 8, '0.42', 1, '2025-05-21 15:54:20'),
(33696, 7, '259.24', 2, '2025-05-21 15:54:36'),
(33697, 8, '602.78', 1, '2025-05-21 15:54:51'),
(33698, 5, '5.6', 3, '2025-05-21 15:54:52'),
(33699, 7, '27.2', 2, '2025-05-21 15:55:34'),
(33700, 7, '27.18', 2, '2025-05-21 15:57:29'),
(33701, 7, '27.2', 2, '2025-05-21 15:57:45'),
(33702, 7, '27.18', 2, '2025-05-21 15:59:21'),
(33703, 7, '27.2', 2, '2025-05-21 15:59:36'),
(33704, 7, '27.18', 2, '2025-05-21 16:02:46'),
(33705, 7, '27.2', 2, '2025-05-21 16:03:02'),
(33706, 7, '27.22', 2, '2025-05-21 16:03:33'),
(33707, 7, '27.2', 2, '2025-05-21 16:03:49'),
(33708, 7, '27.18', 2, '2025-05-21 16:05:57'),
(33709, 7, '27.2', 2, '2025-05-21 16:06:13'),
(33710, 7, '27.25', 2, '2025-05-21 16:07:00'),
(33711, 7, '27.18', 2, '2025-05-21 16:07:16'),
(33712, 7, '27.2', 2, '2025-05-21 16:07:32'),
(33713, 7, '27.18', 2, '2025-05-21 16:08:34'),
(33714, 7, '27.2', 2, '2025-05-21 16:08:50'),
(33715, 7, '27.25', 2, '2025-05-21 16:09:06'),
(33716, 7, '27.2', 2, '2025-05-21 16:09:22'),
(33717, 7, '27.25', 2, '2025-05-21 16:09:38'),
(33718, 7, '27.2', 2, '2025-05-21 16:10:10'),
(33719, 7, '27.22', 2, '2025-05-21 16:11:44'),
(33720, 7, '27.2', 2, '2025-05-21 16:12:00'),
(33721, 7, '27.25', 2, '2025-05-21 16:13:04'),
(33722, 7, '27.2', 2, '2025-05-21 16:13:21'),
(33723, 7, '27.22', 2, '2025-05-21 16:16:00'),
(33724, 7, '27.2', 2, '2025-05-21 16:16:16'),
(33725, 7, '29', 2, '2025-05-21 16:18:54'),
(33726, 7, '27.2', 2, '2025-05-21 16:19:10'),
(33727, 7, '27.18', 2, '2025-05-21 16:19:58'),
(33728, 7, '27.2', 2, '2025-05-21 16:20:13'),
(33729, 7, '403.49', 2, '2025-05-21 22:07:01'),
(33730, 7, '403.51', 2, '2025-05-21 22:08:07'),
(33731, 7, '403.49', 2, '2025-05-21 22:08:24'),
(33732, 7, '403.54', 2, '2025-05-21 22:08:57'),
(33733, 7, '403.49', 2, '2025-05-21 22:09:14'),
(33734, 7, '403.51', 2, '2025-05-21 22:09:31'),
(33735, 7, '403.49', 2, '2025-05-21 22:09:47'),
(33736, 7, '403.54', 2, '2025-05-21 22:10:04'),
(33737, 7, '403.51', 2, '2025-05-21 22:10:21'),
(33738, 7, '403.49', 2, '2025-05-21 22:10:37'),
(33739, 7, '403.51', 2, '2025-05-21 22:33:08'),
(33740, 7, '403.49', 2, '2025-05-21 22:33:41'),
(33741, 7, '403.54', 2, '2025-05-21 22:33:57'),
(33742, 7, '403.49', 2, '2025-05-21 22:34:13'),
(33743, 7, '403.51', 2, '2025-05-21 22:34:29'),
(33744, 7, '403.49', 2, '2025-05-21 22:34:44'),
(33745, 7, '403.47', 2, '2025-05-21 22:35:17'),
(33746, 7, '403.54', 2, '2025-05-21 22:35:33'),
(33747, 7, '403.52', 2, '2025-05-21 22:35:49'),
(33748, 7, '403.49', 2, '2025-05-21 22:36:06'),
(33749, 7, '403.52', 2, '2025-05-21 22:36:54'),
(33750, 7, '392.31', 2, '2025-05-21 22:37:10'),
(33751, 7, '403.49', 2, '2025-05-21 22:37:26'),
(33752, 7, '403.52', 2, '2025-05-21 22:37:42'),
(33753, 7, '403.51', 2, '2025-05-21 22:37:59'),
(33754, 7, '403.49', 2, '2025-05-21 22:38:15'),
(33755, 7, '403.52', 2, '2025-05-21 22:38:32'),
(33756, 7, '403.47', 2, '2025-05-21 22:38:47'),
(33757, 7, '403.49', 2, '2025-05-21 22:39:03'),
(33758, 7, '405.65', 2, '2025-05-21 22:39:36'),
(33759, 7, '403.49', 2, '2025-05-21 22:39:53'),
(33760, 7, '403.51', 2, '2025-05-21 22:47:55'),
(33761, 7, '403.49', 2, '2025-05-21 22:48:10'),
(33762, 7, '403.51', 2, '2025-05-21 22:48:26'),
(33763, 7, '403.49', 2, '2025-05-21 22:48:58'),
(33764, 7, '403.54', 2, '2025-05-21 22:49:30'),
(33765, 7, '403.51', 2, '2025-05-21 22:49:46'),
(33766, 7, '403.52', 2, '2025-05-21 22:50:02'),
(33767, 7, '403.54', 2, '2025-05-21 22:50:33'),
(33768, 7, '403.49', 2, '2025-05-21 22:50:49'),
(33769, 7, '403.51', 2, '2025-05-21 22:51:36'),
(33770, 7, '403.49', 2, '2025-05-21 22:51:52'),
(33771, 7, '403.52', 2, '2025-05-21 22:52:08'),
(33772, 7, '403.49', 2, '2025-05-21 22:52:24'),
(33773, 7, '403.51', 2, '2025-05-21 22:53:27'),
(33774, 7, '403.52', 2, '2025-05-21 22:53:43'),
(33775, 7, '403.49', 2, '2025-05-21 22:54:31'),
(33776, 20, '0', 10, '2025-05-24 17:01:20'),
(33777, 9, '0', 10, '2025-05-24 17:01:20'),
(33778, 7, '403.45', 2, '2025-05-24 17:01:21'),
(33779, 7, '0', 10, '2025-05-24 17:01:21'),
(33780, 20, '0', 10, '2025-05-24 17:01:37'),
(33781, 9, '0', 10, '2025-05-24 17:01:37'),
(33782, 7, '403.49', 2, '2025-05-24 17:01:38'),
(33783, 7, '0', 10, '2025-05-24 17:01:38'),
(33784, 20, '0', 10, '2025-05-24 17:01:54'),
(33785, 9, '0', 10, '2025-05-24 17:01:54'),
(33786, 7, '0', 10, '2025-05-24 17:01:55'),
(33787, 20, '0', 10, '2025-05-24 17:02:12'),
(33788, 9, '0', 10, '2025-05-24 17:02:12'),
(33789, 7, '403.47', 2, '2025-05-24 17:02:13'),
(33790, 7, '0', 10, '2025-05-24 17:02:13'),
(33791, 20, '0', 10, '2025-05-24 17:02:39'),
(33792, 9, '0', 10, '2025-05-24 17:02:39'),
(33793, 7, '0', 10, '2025-05-24 17:02:39'),
(33794, 8, '0.5', 1, '2025-05-24 17:02:55'),
(33795, 20, '0', 10, '2025-05-24 17:02:55'),
(33796, 9, '0', 10, '2025-05-24 17:02:55'),
(33797, 7, '403.49', 2, '2025-05-24 17:02:55'),
(33798, 20, '0', 10, '2025-05-24 17:03:11'),
(33799, 9, '0', 10, '2025-05-24 17:03:11'),
(33800, 7, '0', 10, '2025-05-24 17:03:12'),
(33801, 20, '0', 10, '2025-05-24 17:03:28'),
(33802, 9, '0', 10, '2025-05-24 17:03:28'),
(33803, 7, '403.47', 2, '2025-05-24 17:03:28'),
(33804, 7, '0', 10, '2025-05-24 17:03:28'),
(33805, 20, '0', 10, '2025-05-24 17:05:21'),
(33806, 8, '0', 10, '2025-05-24 17:05:21'),
(33807, 9, '0', 10, '2025-05-24 17:05:21'),
(33808, 3, '0', 10, '2025-05-24 17:05:21'),
(33809, 7, '0', 10, '2025-05-24 17:05:21'),
(33810, 8, '2.3', 1, '2025-05-24 17:05:37'),
(33811, 20, '0', 10, '2025-05-24 17:05:53'),
(33812, 8, '4798.3', 1, '2025-05-24 17:05:53'),
(33813, 8, '0', 10, '2025-05-24 17:05:53'),
(33814, 8, '0', 10, '2025-05-24 17:05:53'),
(33815, 3, '0', 10, '2025-05-24 17:05:53'),
(33816, 7, '403.49', 2, '2025-05-24 17:05:53'),
(33817, 7, '0', 10, '2025-05-24 17:05:53'),
(33818, 20, '0', 10, '2025-05-24 17:06:09'),
(33819, 9, '0', 10, '2025-05-24 17:06:09'),
(33820, 8, '0', 10, '2025-05-24 17:06:09'),
(33821, 3, '0', 10, '2025-05-24 17:06:09'),
(33822, 7, '403.45', 2, '2025-05-24 17:06:09'),
(33823, 7, '0', 10, '2025-05-24 17:06:09'),
(33824, 20, '0', 10, '2025-05-24 17:06:26'),
(33825, 9, '0', 10, '2025-05-24 17:06:26'),
(33826, 8, '0', 10, '2025-05-24 17:06:26'),
(33827, 3, '0', 10, '2025-05-24 17:06:26'),
(33828, 9, '0', 10, '2025-05-24 17:09:23'),
(33829, 9, '0', 10, '2025-05-24 17:09:23'),
(33830, 7, '403.51', 2, '2025-05-24 17:09:23'),
(33831, 7, '0', 10, '2025-05-24 17:09:23'),
(33832, 5, '61.2', 3, '2025-05-24 17:09:23'),
(33833, 5, '38.5', 4, '2025-05-24 17:09:23'),
(33834, 20, '0', 10, '2025-05-24 17:09:39'),
(33835, 9, '0', 10, '2025-05-24 17:09:39'),
(33836, 7, '403.45', 2, '2025-05-24 17:09:39'),
(33837, 7, '0', 10, '2025-05-24 17:09:39'),
(33838, 5, '14.9', 3, '2025-05-24 17:09:39'),
(33839, 5, '87', 4, '2025-05-24 17:09:39'),
(33840, 20, '0', 10, '2025-05-24 17:09:55'),
(33841, 9, '0', 10, '2025-05-24 17:09:55'),
(33842, 7, '0', 10, '2025-05-24 17:09:55'),
(33843, 8, '0', 10, '2025-05-24 17:55:35'),
(33844, 8, '0', 10, '2025-05-24 17:55:35'),
(33845, 7, '403.45', 2, '2025-05-24 17:55:36'),
(33846, 7, '0', 10, '2025-05-24 17:55:36'),
(33847, 20, '0', 10, '2025-05-24 17:55:52'),
(33848, 8, '0', 10, '2025-05-24 17:55:52'),
(33849, 7, '403.52', 2, '2025-05-24 17:55:52'),
(33850, 7, '0', 10, '2025-05-24 17:55:52'),
(33851, 8, '0', 10, '2025-05-24 17:56:08'),
(33852, 8, '0', 10, '2025-05-24 17:56:08'),
(33853, 7, '0', 10, '2025-05-24 17:56:09'),
(33854, 8, '0', 10, '2025-05-24 17:56:25'),
(33855, 8, '0', 10, '2025-05-24 17:56:25'),
(33856, 7, '403.49', 2, '2025-05-24 17:56:25'),
(33857, 7, '0', 10, '2025-05-24 17:56:25'),
(33858, 8, '0', 10, '2025-05-24 17:56:41'),
(33859, 8, '0', 10, '2025-05-24 17:56:41'),
(33860, 20, '0', 10, '2025-05-24 18:02:16'),
(33861, 3, '0', 10, '2025-05-24 18:02:16'),
(33862, 7, '394.42', 2, '2025-05-24 18:02:16'),
(33863, 7, '0', 10, '2025-05-24 18:02:16'),
(33864, 7, '394.45', 2, '2025-05-24 18:07:09'),
(33865, 5, '-33.5', 3, '2025-05-24 18:07:09'),
(33866, 5, '85', 4, '2025-05-24 18:07:09'),
(33867, 7, '195.7', 2, '2025-05-24 18:07:26'),
(33868, 3, '95', 5, '2025-05-24 18:07:43'),
(33869, 7, '198.2', 2, '2025-05-24 18:07:43'),
(33870, 5, '58.3', 3, '2025-05-24 18:07:43'),
(33871, 5, '44.5', 4, '2025-05-24 18:07:43'),
(33872, 20, '1', 9, '2025-05-24 18:07:59'),
(33873, 7, '195.72', 2, '2025-05-24 18:07:59'),
(33874, 7, '195.68', 2, '2025-05-24 18:08:15'),
(33875, 9, '0', 8, '2025-05-24 18:09:03'),
(33876, 7, '195.66', 2, '2025-05-24 18:09:03'),
(33877, 7, '198.15', 2, '2025-05-24 18:09:21'),
(33878, 7, '195.68', 2, '2025-05-24 18:09:37'),
(33879, 7, '195.65', 2, '2025-05-24 18:09:53'),
(33880, 7, '195.68', 2, '2025-05-24 18:10:38'),
(33881, 7, '195.66', 2, '2025-05-24 19:35:55'),
(33882, 7, '195.68', 2, '2025-05-24 19:36:11'),
(33883, 7, '195.65', 2, '2025-05-24 19:36:55'),
(33884, 7, '195.68', 2, '2025-05-24 19:37:11'),
(33885, 7, '195.65', 2, '2025-05-24 19:37:27'),
(33886, 7, '195.68', 2, '2025-05-24 19:37:43'),
(33887, 44, '403.49', 2, '2025-05-24 21:51:39'),
(33888, 52, '2757.73', 1, '2025-05-24 21:56:19'),
(33889, 51, '190.64', 2, '2025-05-24 21:56:19'),
(33890, 49, '29', 3, '2025-05-24 21:56:19'),
(33891, 49, '44.5', 4, '2025-05-24 21:56:19'),
(33892, 44, '403.49', 2, '2025-05-24 21:56:24'),
(33893, 42, '24', 3, '2025-05-24 21:56:24'),
(33894, 42, '40', 4, '2025-05-24 21:56:24'),
(33895, 53, '1', 8, '2025-05-24 21:56:35'),
(33896, 47, '94', 5, '2025-05-24 21:56:35'),
(33897, 52, '2.4', 1, '2025-05-24 21:56:35'),
(33898, 51, '310.74', 2, '2025-05-24 21:56:35'),
(33899, 44, '403.54', 2, '2025-05-24 21:56:40'),
(33900, 51, '310.71', 2, '2025-05-24 21:56:51'),
(33901, 49, '66.3', 3, '2025-05-24 21:56:51'),
(33902, 49, '67.5', 4, '2025-05-24 21:56:51'),
(33903, 44, '403.52', 2, '2025-05-24 21:56:55'),
(33904, 52, '602.78', 1, '2025-05-24 21:57:06'),
(33905, 51, '310.69', 2, '2025-05-24 21:57:07'),
(33906, 44, '403.54', 2, '2025-05-24 21:57:11'),
(33907, 42, '41.5', 3, '2025-05-24 21:57:11'),
(33908, 42, '73', 4, '2025-05-24 21:57:11'),
(33909, 53, '0', 8, '2025-05-24 21:57:22'),
(33910, 45, '131.77', 1, '2025-05-24 21:57:26'),
(33911, 51, '310.66', 2, '2025-05-24 21:57:54'),
(33912, 51, '310.71', 2, '2025-05-24 21:58:10'),
(33913, 51, '310.66', 2, '2025-05-24 21:59:14'),
(33914, 51, '310.71', 2, '2025-05-24 21:59:30'),
(33915, 51, '310.66', 2, '2025-05-24 21:59:45'),
(33916, 51, '310.71', 2, '2025-05-24 22:00:17'),
(33917, 51, '310.74', 2, '2025-05-24 22:01:04'),
(33918, 51, '310.67', 2, '2025-05-24 22:01:20'),
(33919, 51, '310.71', 2, '2025-05-24 22:01:36'),
(33920, 51, '310.74', 2, '2025-05-24 22:01:52'),
(33921, 51, '310.71', 2, '2025-05-24 22:02:08'),
(33922, 51, '310.72', 2, '2025-05-24 22:02:24'),
(33923, 51, '310.71', 2, '2025-05-24 22:02:40'),
(33924, 51, '310.67', 2, '2025-05-24 22:02:56'),
(33925, 51, '310.71', 2, '2025-05-24 22:03:11'),
(33926, 51, '310.69', 2, '2025-05-24 22:03:27'),
(33927, 51, '310.71', 2, '2025-05-24 22:03:43'),
(33928, 51, '310.66', 2, '2025-05-24 22:03:59'),
(33929, 51, '310.72', 2, '2025-05-24 22:04:14'),
(33930, 51, '310.71', 2, '2025-05-24 22:04:30'),
(33931, 40, '97', 5, '2025-05-24 22:05:56'),
(33932, 44, '400.47', 2, '2025-05-24 22:05:56'),
(33933, 42, '67', 3, '2025-05-24 22:05:56'),
(33934, 42, '85.5', 4, '2025-05-24 22:05:56'),
(33935, 40, '91', 5, '2025-05-24 22:06:12'),
(33936, 44, '400.49', 2, '2025-05-24 22:06:12'),
(33937, 44, '400.44', 2, '2025-05-24 22:06:28'),
(33938, 44, '400.45', 2, '2025-05-24 22:06:44'),
(33939, 40, '96', 5, '2025-05-24 22:06:59'),
(33940, 44, '400.49', 2, '2025-05-24 22:06:59'),
(33941, 45, '14441.51', 1, '2025-05-24 22:07:15'),
(33942, 44, '400.5', 2, '2025-05-24 22:07:15'),
(33943, 42, '56.8', 3, '2025-05-24 22:07:31'),
(33944, 42, '97', 4, '2025-05-24 22:07:31'),
(33945, 44, '347.03', 2, '2025-05-24 22:07:31'),
(33946, 51, '310.69', 2, '2025-05-24 22:07:40'),
(33947, 42, '27', 3, '2025-05-24 22:07:46'),
(33948, 42, '75', 4, '2025-05-24 22:07:46'),
(33949, 44, '347.05', 2, '2025-05-24 22:08:02'),
(33950, 51, '310.71', 2, '2025-05-24 22:08:11'),
(33951, 44, '347.01', 2, '2025-05-24 22:08:18'),
(33952, 51, '310.72', 2, '2025-05-24 22:08:42'),
(33953, 51, '310.71', 2, '2025-05-24 22:08:58'),
(33954, 44, '347.03', 2, '2025-05-24 22:09:05'),
(33955, 44, '347.05', 2, '2025-05-24 22:09:21'),
(33956, 51, '310.69', 2, '2025-05-24 22:09:30'),
(33957, 44, '346.98', 2, '2025-05-24 22:09:36'),
(33958, 51, '310.71', 2, '2025-05-24 22:09:46'),
(33959, 44, '347.01', 2, '2025-05-24 22:09:52'),
(33960, 44, '347.03', 2, '2025-05-24 22:10:08'),
(33961, 51, '310.74', 2, '2025-05-24 22:10:17'),
(33962, 44, '347.01', 2, '2025-05-24 22:10:24'),
(33963, 51, '310.69', 2, '2025-05-24 22:10:33'),
(33964, 51, '310.74', 2, '2025-05-24 22:10:49'),
(33965, 44, '347.05', 2, '2025-05-24 22:10:55'),
(33966, 51, '310.71', 2, '2025-05-24 22:11:05'),
(33967, 44, '347.01', 2, '2025-05-24 22:11:11'),
(33968, 51, '310.74', 2, '2025-05-24 22:11:21'),
(33969, 44, '347.03', 2, '2025-05-24 22:11:27'),
(33970, 51, '310.71', 2, '2025-05-24 22:11:37'),
(33971, 51, '310.67', 2, '2025-05-24 22:11:53'),
(33972, 44, '347.01', 2, '2025-05-24 22:11:58'),
(33973, 51, '310.74', 2, '2025-05-24 22:12:08'),
(33974, 51, '310.66', 2, '2025-05-24 22:12:24'),
(33975, 44, '347.05', 2, '2025-05-24 22:12:30'),
(33976, 51, '310.72', 2, '2025-05-24 22:12:40'),
(33977, 44, '347.01', 2, '2025-05-24 22:12:46'),
(33978, 51, '310.74', 2, '2025-05-24 22:12:56'),
(33979, 51, '310.71', 2, '2025-05-24 22:13:12'),
(33980, 51, '310.66', 2, '2025-05-24 22:13:27'),
(33981, 44, '347', 2, '2025-05-24 22:13:33'),
(33982, 51, '310.72', 2, '2025-05-24 22:13:43'),
(33983, 44, '347.01', 2, '2025-05-24 22:13:48'),
(33984, 51, '310.71', 2, '2025-05-24 22:13:59'),
(33985, 51, '310.72', 2, '2025-05-24 22:14:15'),
(33986, 44, '347.05', 2, '2025-05-24 22:14:20'),
(33987, 51, '310.66', 2, '2025-05-24 22:14:30'),
(33988, 44, '347.01', 2, '2025-05-24 22:14:36'),
(33989, 47, '87', 5, '2025-05-24 22:14:45'),
(33990, 51, '310.69', 2, '2025-05-24 22:14:46'),
(33991, 47, '100', 5, '2025-05-24 22:15:00'),
(33992, 40, '45', 5, '2025-05-24 22:15:06'),
(33993, 47, '88', 5, '2025-05-24 22:15:16'),
(33994, 51, '310.71', 2, '2025-05-24 22:15:18'),
(33995, 44, '347.05', 2, '2025-05-24 22:15:23'),
(33996, 44, '347.01', 2, '2025-05-24 22:15:39'),
(33997, 51, '310.69', 2, '2025-05-24 22:15:49'),
(33998, 44, '347.05', 2, '2025-05-24 22:16:10'),
(33999, 51, '310.66', 2, '2025-05-24 22:16:16'),
(34000, 44, '347.03', 2, '2025-05-24 22:16:26'),
(34001, 44, '347.01', 2, '2025-05-24 22:16:41'),
(34002, 51, '310.69', 2, '2025-05-24 22:16:47'),
(34003, 51, '310.64', 2, '2025-05-24 22:17:03'),
(34004, 7, '403.49', 2, '2025-05-24 22:17:11'),
(34005, 5, '24', 3, '2025-05-24 22:17:11'),
(34006, 5, '40', 4, '2025-05-24 22:17:11'),
(34007, 51, '310.66', 2, '2025-05-24 22:17:19'),
(34008, 44, '346.98', 2, '2025-05-24 22:17:28'),
(34009, 44, '347.01', 2, '2025-05-24 22:17:44'),
(34010, 3, '5', 5, '2025-05-24 22:17:43'),
(34011, 7, '403.52', 2, '2025-05-24 22:17:43'),
(34012, 9, '0', 8, '2025-05-24 22:17:59'),
(34013, 7, '403.51', 2, '2025-05-24 22:18:00'),
(34014, 7, '403.49', 2, '2025-05-24 22:18:16'),
(34015, 51, '310.64', 2, '2025-05-24 22:18:21'),
(34016, 51, '310.66', 2, '2025-05-24 22:18:37'),
(34017, 45, '30008.64', 1, '2025-05-24 22:18:46'),
(34018, 47, '99', 5, '2025-05-24 22:18:53'),
(34019, 7, '403.51', 2, '2025-05-24 22:18:50'),
(34020, 40, '82', 5, '2025-05-24 22:19:02'),
(34021, 51, '310.69', 2, '2025-05-24 22:19:09'),
(34022, 7, '403.49', 2, '2025-05-24 22:19:06'),
(34023, 44, '347.03', 2, '2025-05-24 22:19:19'),
(34024, 51, '310.66', 2, '2025-05-24 22:19:24'),
(34025, 40, '94', 5, '2025-05-24 22:19:33'),
(34026, 42, '65.3', 3, '2025-05-24 22:19:34'),
(34027, 42, '86.5', 4, '2025-05-24 22:19:34'),
(34028, 44, '347.01', 2, '2025-05-24 22:19:35'),
(34029, 7, '2.01', 2, '2025-05-24 22:19:38'),
(34030, 44, '347.03', 2, '2025-05-24 22:19:50'),
(34031, 44, '347.01', 2, '2025-05-24 22:20:06'),
(34032, 5, '57', 3, '2025-05-24 22:20:10'),
(34033, 51, '310.67', 2, '2025-05-24 22:20:46'),
(34034, 49, '66.3', 3, '2025-05-24 22:20:46'),
(34035, 49, '67.5', 4, '2025-05-24 22:20:46'),
(34036, 51, '310.71', 2, '2025-05-24 22:21:02'),
(34037, 51, '310.66', 2, '2025-05-24 22:21:18'),
(34038, 44, '347', 2, '2025-05-24 22:21:25'),
(34039, 44, '347.01', 2, '2025-05-24 22:21:40'),
(34040, 51, '310.69', 2, '2025-05-24 22:21:49'),
(34041, 46, '0', 8, '2025-05-24 22:21:55'),
(34042, 47, '89', 5, '2025-05-24 22:23:09'),
(34043, 52, '54.96', 1, '2025-05-24 22:23:09'),
(34044, 51, '310.35', 2, '2025-05-24 22:23:09'),
(34045, 49, '42.6', 3, '2025-05-24 22:23:09'),
(34046, 49, '78.5', 4, '2025-05-24 22:23:09');
INSERT INTO `datalist` (`id`, `id_cambien`, `du_lieu_thu_thap`, `id_donviluutru`, `thoi_gian_thu_thap`) VALUES
(34047, 44, '346.98', 2, '2025-05-24 22:23:16'),
(34048, 42, '53.4', 3, '2025-05-24 22:23:17'),
(34049, 42, '67', 4, '2025-05-24 22:23:17'),
(34050, 51, '310.69', 2, '2025-05-24 22:23:25'),
(34051, 44, '346.96', 2, '2025-05-24 22:23:32'),
(34052, 42, '73.8', 3, '2025-05-24 22:23:32'),
(34053, 42, '87', 4, '2025-05-24 22:23:32'),
(34054, 51, '310.72', 2, '2025-05-24 22:23:41'),
(34055, 40, '95', 5, '2025-05-24 22:23:48'),
(34056, 47, '98', 5, '2025-05-24 22:23:56'),
(34057, 51, '310.67', 2, '2025-05-24 22:23:56'),
(34058, 44, '347', 2, '2025-05-24 22:24:03'),
(34059, 52, '17274.99', 1, '2025-05-24 22:24:12'),
(34060, 51, '48.41', 2, '2025-05-24 22:24:12'),
(34061, 44, '346.96', 2, '2025-05-24 22:24:19'),
(34062, 52, '87.1', 1, '2025-05-24 22:24:27'),
(34063, 44, '347', 2, '2025-05-24 22:24:35'),
(34064, 47, '99', 5, '2025-05-24 22:24:43'),
(34065, 51, '12.14', 2, '2025-05-24 22:24:44'),
(34066, 51, '12.09', 2, '2025-05-24 22:24:59'),
(34067, 44, '346.96', 2, '2025-05-24 22:25:06'),
(34068, 51, '12.14', 2, '2025-05-24 22:25:15'),
(34069, 53, '1', 8, '2025-05-24 22:25:30'),
(34070, 51, '12.09', 2, '2025-05-24 22:25:46'),
(34071, 44, '346.98', 2, '2025-05-24 22:25:53'),
(34072, 53, '0', 8, '2025-05-24 22:26:02'),
(34073, 51, '12.14', 2, '2025-05-24 22:26:02'),
(34074, 44, '347', 2, '2025-05-24 22:26:09'),
(34075, 44, '346.96', 2, '2025-05-24 22:26:24'),
(34076, 51, '12.11', 2, '2025-05-24 22:26:33'),
(34077, 51, '12.09', 2, '2025-05-24 22:27:04'),
(34078, 40, '97', 5, '2025-05-24 22:27:07'),
(34079, 44, '347.05', 2, '2025-05-24 22:27:07'),
(34080, 42, '73.8', 3, '2025-05-24 22:27:07'),
(34081, 42, '87', 4, '2025-05-24 22:27:07'),
(34082, 51, '12.06', 2, '2025-05-24 22:27:20'),
(34083, 44, '347.01', 2, '2025-05-24 22:27:23'),
(34084, 51, '12.14', 2, '2025-05-24 22:27:35'),
(34085, 44, '347.05', 2, '2025-05-24 22:27:54'),
(34086, 44, '347.03', 2, '2025-05-24 22:28:10'),
(34087, 51, '12.06', 2, '2025-05-24 22:28:22'),
(34088, 44, '347.01', 2, '2025-05-24 22:28:26'),
(34089, 51, '12.14', 2, '2025-05-24 22:28:38'),
(34090, 44, '347', 2, '2025-05-24 22:28:42'),
(34091, 44, '347.03', 2, '2025-05-24 22:28:57'),
(34092, 51, '12.06', 2, '2025-05-24 22:29:09'),
(34093, 44, '347.01', 2, '2025-05-24 22:29:13'),
(34094, 51, '12.14', 2, '2025-05-24 22:29:25'),
(34095, 45, '8319.31', 1, '2025-05-24 22:29:29'),
(34096, 42, '33.8', 3, '2025-05-24 22:29:29'),
(34097, 42, '73.5', 4, '2025-05-24 22:29:29'),
(34098, 44, '347.03', 2, '2025-05-24 22:29:29'),
(34099, 44, '347.05', 2, '2025-05-24 22:29:45'),
(34100, 51, '12.06', 2, '2025-05-24 22:29:56'),
(34101, 44, '347.01', 2, '2025-05-24 22:30:01'),
(34102, 51, '12.14', 2, '2025-05-24 22:30:11'),
(34103, 51, '12.09', 2, '2025-05-24 22:30:27'),
(34104, 51, '12.07', 2, '2025-05-24 22:30:42'),
(34105, 44, '346.96', 2, '2025-05-24 22:30:48'),
(34106, 51, '12.14', 2, '2025-05-24 22:30:58'),
(34107, 44, '347.03', 2, '2025-05-24 22:31:03');

-- --------------------------------------------------------

--
-- Table structure for table `departments`
--

CREATE TABLE `departments` (
  `id` int(11) NOT NULL,
  `ten_khoa` varchar(100) NOT NULL,
  `ten_viet_tat` varchar(20) DEFAULT NULL,
  `id_phong` int(11) DEFAULT NULL,
  `email` varchar(100) DEFAULT NULL,
  `sdt` varchar(20) DEFAULT NULL
) ENGINE=InnoDB DEFAULT CHARSET=utf8 COLLATE=utf8_unicode_ci;

--
-- Dumping data for table `departments`
--

INSERT INTO `departments` (`id`, `ten_khoa`, `ten_viet_tat`, `id_phong`, `email`, `sdt`) VALUES
(1, 'Khoa cng ngh thng tin', 'CNTT', 21, 'fit@vlute.edu.vn', '0123456789'),
(2, 'Khoa in in t', 'T', 15, 'ddt@vlute.edu.vn', '0123456789'),
(3, 'Khoa kinh t - lut', 'KTL', 6, 'ktl@vlute.edu.vn', '0147852369');

-- --------------------------------------------------------

--
-- Table structure for table `devicerestrictionschedule`
--

CREATE TABLE `devicerestrictionschedule` (
  `id` int(11) NOT NULL,
  `noi_dung_cam_su_dung` text NOT NULL,
  `id_thietbi` int(11) DEFAULT NULL,
  `thoi_gian_bat_dau` datetime NOT NULL,
  `thoi_gian_ket_thuc` datetime NOT NULL
) ENGINE=InnoDB DEFAULT CHARSET=utf8 COLLATE=utf8_unicode_ci;

--
-- Dumping data for table `devicerestrictionschedule`
--

INSERT INTO `devicerestrictionschedule` (`id`, `noi_dung_cam_su_dung`, `id_thietbi`, `thoi_gian_bat_dau`, `thoi_gian_ket_thuc`) VALUES
(2, 'Cm s dng thit b', 8, '2025-05-15 19:01:00', '2025-05-16 19:01:00'),
(3, 'Cm s dng', 7, '2025-05-18 08:02:00', '2025-05-18 10:02:00');

-- --------------------------------------------------------

--
-- Table structure for table `devices`
--

CREATE TABLE `devices` (
  `id` int(11) NOT NULL,
  `ten_thiet_bi` varchar(100) NOT NULL,
  `ma_so` varchar(50) NOT NULL,
  `id_loaithietbi` int(11) DEFAULT NULL,
  `id_phong` int(11) DEFAULT NULL,
  `id_trangthai` int(11) DEFAULT NULL,
  `nguong_dieu_khien` float DEFAULT NULL
) ENGINE=InnoDB DEFAULT CHARSET=utf8 COLLATE=utf8_unicode_ci;

--
-- Dumping data for table `devices`
--

INSERT INTO `devices` (`id`, `ten_thiet_bi`, `ma_so`, `id_loaithietbi`, `id_phong`, `id_trangthai`, `nguong_dieu_khien`) VALUES
(5, 'Tivi samsung phng P.0109', 'TB01090003', 1, 38, 2, NULL),
(6, 'Ci bo chy phng P.0109', 'TB01090004', 7, 38, 2, NULL),
(7, 'Qut trm phng P.0109', 'TB01090005', 5, 38, 1, NULL),
(8, 'ng c ca phng P.0109', 'TB01090006', 3, 38, 2, 45),
(14, 'n s 1 P.0109', 'TB01090007', 2, 38, 2, NULL),
(15, 'n s 2 P.0109', 'TB01090008', 2, 38, 2, NULL),
(20, 'Tivi samsung phng P.0111', 'TB01110003', 1, 42, 2, NULL),
(21, 'Ci bo chy phng P.0111', 'TB01110004', 7, 42, 2, NULL),
(22, 'Qut trm phng P.0111', 'TB01110005', 5, 42, 1, NULL),
(23, 'ng c ca phng P.0111', 'TB01110006', 3, 42, 1, 45),
(24, 'n s 1 P.0111', 'TB01110007', 2, 42, 2, NULL),
(25, 'n s 2 P.0111', 'TB01110008', 2, 42, 2, NULL),
(26, 'Tivi samsung phng P.0112', 'TB01120003', 1, 43, 2, NULL),
(27, 'Ci bo chy phng P.0112', 'TB01120004', 7, 43, 2, NULL),
(28, 'Qut trm phng P.0112', 'TB01120005', 5, 43, 1, NULL),
(29, 'ng c ca phng P.0112', 'TB01120006', 3, 43, 1, 45),
(30, 'n s 1 P.0112', 'TB01120007', 2, 43, 1, NULL),
(31, 'n s 2 P.0112', 'TB01120008', 2, 43, 1, NULL);

-- --------------------------------------------------------

--
-- Table structure for table `devicetypes`
--

CREATE TABLE `devicetypes` (
  `id` int(11) NOT NULL,
  `ten_loai_thiet_bi` varchar(100) NOT NULL,
  `mo_ta` text DEFAULT NULL
) ENGINE=InnoDB DEFAULT CHARSET=utf8 COLLATE=utf8_unicode_ci;

--
-- Dumping data for table `devicetypes`
--

INSERT INTO `devicetypes` (`id`, `ten_loai_thiet_bi`, `mo_ta`) VALUES
(1, 'Ti vi', 'Ti vi mng c nt cm ng'),
(2, 'n', 'n chiu sng'),
(3, 'ng c ca', 'ng c ca t ng m cht'),
(4, 'My tnh', 'My tnh  bn'),
(5, 'Qut trn', 'Qut trn lm mt'),
(7, 'Ci bo chy', 'Ci bo ng bo chy');

-- --------------------------------------------------------

--
-- Table structure for table `deviceusagehistory`
--

CREATE TABLE `deviceusagehistory` (
  `id` int(11) NOT NULL,
  `thoi_gian_bat_dau` datetime NOT NULL,
  `thoi_gian_ket_thuc` datetime DEFAULT NULL,
  `id_thietbi` int(11) DEFAULT NULL,
  `id_nguoidung` int(11) DEFAULT NULL,
  `id_trangthaisudung` int(11) DEFAULT NULL
) ENGINE=InnoDB DEFAULT CHARSET=utf8 COLLATE=utf8_unicode_ci;

--
-- Dumping data for table `deviceusagehistory`
--

INSERT INTO `deviceusagehistory` (`id`, `thoi_gian_bat_dau`, `thoi_gian_ket_thuc`, `id_thietbi`, `id_nguoidung`, `id_trangthaisudung`) VALUES
(7, '2025-05-24 19:34:03', '2025-05-24 19:36:22', 5, 1, 1),
(8, '2025-05-24 19:37:30', NULL, 5, 1, 2),
(9, '2025-05-24 20:12:05', '2025-05-24 20:12:05', 8, 1, 1),
(10, '2025-05-24 21:56:33', NULL, 31, 1, 2),
(11, '2025-05-24 21:56:43', NULL, 27, 1, 2),
(12, '2025-05-24 21:57:07', NULL, 25, 1, 2),
(13, '2025-05-24 21:57:12', NULL, 24, 1, 2),
(14, '2025-05-24 21:58:09', '2025-05-24 22:27:54', 27, 1, 1),
(15, '2025-05-24 22:26:27', '2025-05-24 22:27:59', 26, 1, 1),
(16, '2025-05-24 22:27:21', NULL, 27, 1, 2),
(17, '2025-05-24 22:27:25', NULL, 26, 1, 2);

-- --------------------------------------------------------

--
-- Table structure for table `failed_jobs`
--

CREATE TABLE `failed_jobs` (
  `id` bigint(20) UNSIGNED NOT NULL,
  `uuid` varchar(255) NOT NULL,
  `connection` text NOT NULL,
  `queue` text NOT NULL,
  `payload` longtext NOT NULL,
  `exception` longtext NOT NULL,
  `failed_at` timestamp NOT NULL DEFAULT current_timestamp()
) ENGINE=InnoDB DEFAULT CHARSET=utf8 COLLATE=utf8_unicode_ci;

-- --------------------------------------------------------

--
-- Table structure for table `jobs`
--

CREATE TABLE `jobs` (
  `id` bigint(20) UNSIGNED NOT NULL,
  `queue` varchar(255) NOT NULL,
  `payload` longtext NOT NULL,
  `attempts` tinyint(3) UNSIGNED NOT NULL,
  `reserved_at` int(10) UNSIGNED DEFAULT NULL,
  `available_at` int(10) UNSIGNED NOT NULL,
  `created_at` int(10) UNSIGNED NOT NULL
) ENGINE=InnoDB DEFAULT CHARSET=utf8 COLLATE=utf8_unicode_ci;

-- --------------------------------------------------------

--
-- Table structure for table `job_batches`
--

CREATE TABLE `job_batches` (
  `id` varchar(255) NOT NULL,
  `name` varchar(255) NOT NULL,
  `total_jobs` int(11) NOT NULL,
  `pending_jobs` int(11) NOT NULL,
  `failed_jobs` int(11) NOT NULL,
  `failed_job_ids` longtext NOT NULL,
  `options` mediumtext DEFAULT NULL,
  `cancelled_at` int(11) DEFAULT NULL,
  `created_at` int(11) NOT NULL,
  `finished_at` int(11) DEFAULT NULL
) ENGINE=InnoDB DEFAULT CHARSET=utf8 COLLATE=utf8_unicode_ci;

-- --------------------------------------------------------

--
-- Table structure for table `migrations`
--

CREATE TABLE `migrations` (
  `id` int(10) UNSIGNED NOT NULL,
  `migration` varchar(255) NOT NULL,
  `batch` int(11) NOT NULL
) ENGINE=InnoDB DEFAULT CHARSET=utf8 COLLATE=utf8_unicode_ci;

--
-- Dumping data for table `migrations`
--

INSERT INTO `migrations` (`id`, `migration`, `batch`) VALUES
(1, '1_create_cache_table', 1),
(2, '2_create_jobs_table', 1),
(3, '2025_05_01_101707_create_sessions_table', 2),
(4, '2025_05_01_115734_create_password_reset_tokens_table', 3),
(5, '2025_05_01_133800_create_password_resets_table', 4),
(6, '2025_05_01_135255_add_remember_token_to_users_table', 5);

-- --------------------------------------------------------

--
-- Table structure for table `password_resets`
--

CREATE TABLE `password_resets` (
  `email` varchar(255) NOT NULL,
  `token` varchar(255) NOT NULL,
  `created_at` timestamp NULL DEFAULT NULL
) ENGINE=InnoDB DEFAULT CHARSET=utf8 COLLATE=utf8_unicode_ci;

-- --------------------------------------------------------

--
-- Table structure for table `password_reset_tokens`
--

CREATE TABLE `password_reset_tokens` (
  `email` varchar(255) NOT NULL,
  `token` varchar(255) NOT NULL,
  `created_at` timestamp NULL DEFAULT NULL
) ENGINE=InnoDB DEFAULT CHARSET=utf8 COLLATE=utf8_unicode_ci;

-- --------------------------------------------------------

--
-- Table structure for table `permissions`
--

CREATE TABLE `permissions` (
  `id` int(11) NOT NULL,
  `ten_quyen` varchar(100) NOT NULL,
  `mo_ta` text DEFAULT NULL
) ENGINE=InnoDB DEFAULT CHARSET=utf8 COLLATE=utf8_unicode_ci;

--
-- Dumping data for table `permissions`
--

INSERT INTO `permissions` (`id`, `ten_quyen`, `mo_ta`) VALUES
(1, 'Admin', 'Quyn admin'),
(2, 'Qun tr ngi dng', 'Quyn qun tr ti khon'),
(3, 'Qun l thit b', 'Quyn qun l thit b'),
(4, 'Qun l phng my', 'Quyn qun l phng my');

-- --------------------------------------------------------

--
-- Table structure for table `roommanagers`
--

CREATE TABLE `roommanagers` (
  `id` int(11) NOT NULL,
  `id_nguoidung` int(11) NOT NULL,
  `id_phong` int(11) NOT NULL,
  `mo_ta` text DEFAULT NULL
) ENGINE=InnoDB DEFAULT CHARSET=utf8 COLLATE=utf8_unicode_ci;

--
-- Dumping data for table `roommanagers`
--

INSERT INTO `roommanagers` (`id`, `id_nguoidung`, `id_phong`, `mo_ta`) VALUES
(6, 23, 38, 'Qun l phng my'),
(7, 23, 4, 'Qun l phng my'),
(10, 1, 38, 'qun l phng'),
(11, 26, 43, NULL),
(12, 28, 42, NULL);

-- --------------------------------------------------------

--
-- Table structure for table `roomrestrictionschedule`
--

CREATE TABLE `roomrestrictionschedule` (
  `id` int(11) NOT NULL,
  `noi_dung_cam_su_dung` text NOT NULL,
  `id_phong` int(11) DEFAULT NULL,
  `thoi_gian_bat_dau` datetime NOT NULL,
  `thoi_gian_ket_thuc` datetime NOT NULL
) ENGINE=InnoDB DEFAULT CHARSET=utf8 COLLATE=utf8_unicode_ci;

-- --------------------------------------------------------

--
-- Table structure for table `rooms`
--

CREATE TABLE `rooms` (
  `id` int(11) NOT NULL,
  `ten_phong` varchar(100) NOT NULL,
  `khu_vuc` varchar(100) DEFAULT NULL,
  `vi_tri` varchar(100) DEFAULT NULL,
  `mo_ta` text DEFAULT NULL
) ENGINE=InnoDB DEFAULT CHARSET=utf8 COLLATE=utf8_unicode_ci;

--
-- Dumping data for table `rooms`
--

INSERT INTO `rooms` (`id`, `ten_phong`, `khu_vuc`, `vi_tri`, `mo_ta`) VALUES
(4, 'Phng A0104', 'Khu A', 'Tng 1', 'Khu A - Tng 1'),
(6, 'Phng khoa kinh t lut', 'Khu C', 'Tng 3', 'Khu C - Tng 3'),
(15, 'Phng khoa in in t', 'Khu E', 'Tng 2', 'Khu E - Tng 2'),
(21, 'Phng khoa cng ngh thng tin', 'Khu A', 'Tng 2', 'Khu A - Tng 2'),
(38, 'P.0109', 'Khu A', 'Tng 2', 'Khu A - Tng 2'),
(41, 'P.0110', 'Khu C', 'Tng 1', 'Khu C - Tng 1'),
(42, 'P.0111', 'Khu C', 'Tng 3', 'Khu C -Tng 3'),
(43, 'P.0112', 'Khu E', 'Tng 2', 'Khu E - Tng 2');

-- --------------------------------------------------------

--
-- Table structure for table `roomusagehistory`
--

CREATE TABLE `roomusagehistory` (
  `id` int(11) NOT NULL,
  `thoi_gian_bat_dau` datetime NOT NULL,
  `thoi_gian_ket_thuc` datetime DEFAULT NULL,
  `id_phong` int(11) DEFAULT NULL,
  `id_nguoidung` int(11) DEFAULT NULL,
  `id_trangthaisudung` int(11) DEFAULT NULL
) ENGINE=InnoDB DEFAULT CHARSET=utf8 COLLATE=utf8_unicode_ci;

--
-- Dumping data for table `roomusagehistory`
--

INSERT INTO `roomusagehistory` (`id`, `thoi_gian_bat_dau`, `thoi_gian_ket_thuc`, `id_phong`, `id_nguoidung`, `id_trangthaisudung`) VALUES
(1, '2025-05-14 13:00:00', '2025-05-16 15:00:00', 38, 1, 1),
(2, '2025-05-15 16:10:02', '2025-05-24 18:31:10', 38, 1, 1),
(3, '2025-05-15 16:10:56', '2025-05-24 18:31:09', 38, 1, 1),
(4, '2025-05-15 16:11:58', '2025-05-24 22:49:36', 4, 1, 1),
(5, '2025-05-15 23:17:35', '2025-05-24 22:49:41', 6, 1, 1),
(6, '2025-05-15 23:36:26', '2025-05-19 18:03:20', 38, 1, 1),
(7, '2025-05-16 23:29:44', '2025-05-16 23:30:31', 6, 23, 1),
(8, '2025-05-17 00:02:26', '2025-05-17 00:05:45', 6, 23, 1),
(9, '2025-05-17 00:05:53', '2025-05-17 00:09:57', 6, 23, 1),
(10, '2025-05-17 00:10:06', '2025-05-17 00:12:23', 6, 23, 1),
(11, '2025-05-17 00:12:38', '2025-05-17 00:13:06', 6, 23, 1),
(12, '2025-05-17 00:13:17', '2025-05-17 00:13:32', 4, 23, 1),
(13, '2025-05-17 00:13:43', '2025-05-17 00:14:54', 6, 23, 1),
(14, '2025-05-17 00:15:03', '2025-05-17 00:15:56', 15, 23, 1),
(15, '2025-05-17 00:16:05', '2025-05-17 00:19:23', 15, 23, 1),
(16, '2025-05-17 00:19:34', '2025-05-17 00:27:23', 15, 23, 1),
(17, '2025-05-17 00:27:33', '2025-05-17 00:33:23', 15, 23, 1),
(18, '2025-05-17 00:33:33', '2025-05-17 00:35:23', 15, 23, 1),
(19, '2025-05-17 00:37:28', '2025-05-17 00:40:52', 15, 23, 1),
(20, '2025-05-17 00:42:15', '2025-05-17 00:58:17', 38, 23, 1),
(21, '2025-05-17 08:54:54', '2025-05-17 09:00:32', 38, 23, 1),
(22, '2025-05-17 18:32:35', '2025-05-18 08:07:20', 38, 23, 1),
(23, '2025-05-18 08:07:31', '2025-05-18 08:23:37', 41, 23, 1),
(24, '2025-05-18 08:28:43', '2025-05-18 08:31:27', 41, 23, 1),
(25, '2025-05-18 08:35:30', '2025-05-18 08:38:28', 41, 23, 1),
(26, '2025-05-18 08:49:01', '2025-05-18 09:07:05', 38, 23, 1),
(27, '2025-05-18 09:09:52', '2025-05-18 09:10:02', 41, 23, 1),
(28, '2025-05-18 09:10:12', '2025-05-18 11:02:43', 38, 23, 1),
(29, '2025-05-18 11:02:54', '2025-05-18 12:37:35', 41, 23, 1),
(30, '2025-05-18 13:43:04', '2025-05-24 22:50:12', 38, 23, 1),
(31, '2025-05-19 18:04:02', '2025-05-19 18:08:29', 38, 1, 1),
(32, '2025-05-19 18:09:32', '2025-05-19 18:32:51', 38, 1, 1),
(33, '2025-05-19 18:33:40', '2025-05-20 21:47:31', 38, 1, 1),
(34, '2025-05-21 15:07:57', '2025-05-21 15:39:01', 38, 1, 1),
(35, '2025-05-21 15:42:06', '2025-05-21 15:50:31', 38, 1, 1),
(36, '2025-05-21 15:50:40', '2025-05-21 17:05:19', 38, 1, 1),
(37, '2025-05-21 17:05:28', '2025-05-21 17:08:52', 41, 1, 1),
(38, '2025-05-21 22:08:28', '2025-05-24 22:51:24', 38, 23, 1),
(39, '2025-05-21 22:44:28', '2025-05-24 22:51:30', 38, 27, 1),
(40, '2025-05-24 18:34:33', '2025-05-24 18:34:56', 38, 1, 1),
(41, '2025-05-24 18:39:23', '2025-05-24 20:09:55', 38, 1, 1),
(42, '2025-05-24 20:11:43', '2025-05-24 20:14:04', 38, 1, 1),
(43, '2025-05-24 20:14:13', '2025-05-24 20:14:31', 38, 1, 1),
(44, '2025-05-24 20:38:58', '2025-05-24 20:39:13', 38, 1, 1),
(45, '2025-05-24 21:49:51', '2025-05-24 21:56:49', 43, 1, 1),
(46, '2025-05-24 21:56:59', '2025-05-24 21:57:54', 42, 1, 1),
(47, '2025-05-24 21:58:02', '2025-05-24 21:58:12', 43, 1, 1),
(48, '2025-05-24 21:58:22', '2025-05-24 21:59:50', 42, 1, 1),
(49, '2025-05-24 22:00:04', '2025-05-24 22:02:09', 43, 1, 1),
(50, '2025-05-24 22:02:20', '2025-05-24 22:07:43', 42, 1, 1),
(51, '2025-05-24 22:26:19', '2025-05-24 22:38:46', 43, 1, 1),
(52, '2025-05-24 22:42:42', '2025-05-24 22:42:57', 38, 1, 1),
(53, '2025-05-24 22:47:55', '2025-05-24 22:47:59', 4, 1, 1),
(54, '2025-05-24 22:48:33', '2025-05-24 22:48:38', 38, 1, 1),
(55, '2025-05-24 23:04:37', NULL, 38, 1, 2);

-- --------------------------------------------------------

--
-- Table structure for table `sensors`
--

CREATE TABLE `sensors` (
  `id` int(11) NOT NULL,
  `ten_cam_bien` varchar(100) NOT NULL,
  `ma_so` varchar(50) NOT NULL,
  `id_loaicambien` int(11) DEFAULT NULL,
  `id_phong` int(11) DEFAULT NULL,
  `id_trangthai` int(11) DEFAULT NULL
) ENGINE=InnoDB DEFAULT CHARSET=utf8 COLLATE=utf8_unicode_ci;

--
-- Dumping data for table `sensors`
--

INSERT INTO `sensors` (`id`, `ten_cam_bien`, `ma_so`, `id_loaicambien`, `id_phong`, `id_trangthai`) VALUES
(3, 'Cm bin kh gas phng P.0109', 'CB01090002', 4, 38, 1),
(4, 'Cm bin chuyn ng phng P.0109', 'CB01090004', 5, 38, 2),
(5, 'Cm bin DHT 22 phng P.0109', 'CB01090001', 2, 38, 1),
(6, 'Module RTC P.0109', 'CB01090003', 3, 38, 2),
(7, 'Cm bin siu m P.0109', 'CB01090005', 6, 38, 1),
(8, 'Cm bin nh sng P.0109', 'CB01090006', 1, 38, 2),
(9, 'Cm bin bo chy P.0109', 'CB01090007', 7, 38, 1),
(13, 'Cm bin kh gas phng P.0110', 'CB01100002', 4, 41, 2),
(14, 'Cm bin chuyn ng phng P.0110', 'CB01100004', 5, 41, 2),
(16, 'Module RTC P.0110', 'CB01100003', 3, 41, 2),
(17, 'Cm bin siu m P.0110', 'CB01100005', 6, 41, 2),
(18, 'Cm bin nh sng P.0110', 'CB01100006', 1, 41, 1),
(19, 'Cm bin phng P.0110', 'CB0110001', 2, 41, 1),
(20, 'Cm bin chuyn ng P.0109', 'CB01090008', 5, 38, 1),
(40, 'Cm bin kh gas phng P.0111', 'CB01110002', 4, 42, 1),
(41, 'Cm bin chuyn ng phng P.0111', 'CB01110004', 5, 42, 1),
(42, 'Cm bin DHT 22 phng P.0111', 'CB01110001', 2, 42, 1),
(43, 'Module RTC P.0111', 'CB01110003', 3, 42, 1),
(44, 'Cm bin siu m P.0111', 'CB01110005', 6, 42, 1),
(45, 'Cm bin nh sng P.0111', 'CB01110006', 1, 42, 1),
(46, 'Cm bin bo chy P.0111', 'CB01110007', 7, 42, 1),
(47, 'Cm bin kh gas phng P.0112', 'CB01120002', 4, 43, 1),
(48, 'Cm bin chuyn ng phng P.0112', 'CB01120004', 5, 43, 1),
(49, 'Cm bin DHT 22 phng P.0112', 'CB01120001', 2, 43, 1),
(50, 'Module RTC P.0112', 'CB01120003', 3, 43, 1),
(51, 'Cm bin siu m P.0112', 'CB01120005', 6, 43, 1),
(52, 'Cm bin nh sng P.0112', 'CB01120006', 1, 43, 1),
(53, 'Cm bin bo chy P.0112', 'CB01120007', 7, 43, 1);

-- --------------------------------------------------------

--
-- Table structure for table `sensortypes`
--

CREATE TABLE `sensortypes` (
  `id` int(11) NOT NULL,
  `ten_loai_cam_bien` varchar(100) NOT NULL,
  `mo_ta` text DEFAULT NULL
) ENGINE=InnoDB DEFAULT CHARSET=utf8 COLLATE=utf8_unicode_ci;

--
-- Dumping data for table `sensortypes`
--

INSERT INTO `sensortypes` (`id`, `ten_loai_cam_bien`, `mo_ta`) VALUES
(1, 'Cm bin nh sng', 'Xc nh nh sng'),
(2, 'Cm bin nhit  -  m', 'Xc nh nhit   m'),
(3, 'Module thi gian thc', 'Xc nh thi gian thc'),
(4, 'Cm bin kh gas', 'Xc nh phn trm gas'),
(5, 'Cm bin chuyn ng', 'Xc nh chuyn ng vt th'),
(6, 'Cm bin siu m', 'Xc nh khong cch'),
(7, 'Cm bin bo chy', 'Cm bin bo chy');

-- --------------------------------------------------------

--
-- Table structure for table `sessions`
--

CREATE TABLE `sessions` (
  `id` varchar(255) NOT NULL,
  `user_id` bigint(20) UNSIGNED DEFAULT NULL,
  `ip_address` varchar(45) DEFAULT NULL,
  `user_agent` text DEFAULT NULL,
  `payload` longtext NOT NULL,
  `last_activity` int(11) NOT NULL
) ENGINE=InnoDB DEFAULT CHARSET=utf8 COLLATE=utf8_unicode_ci;

--
-- Dumping data for table `sessions`
--

INSERT INTO `sessions` (`id`, `user_id`, `ip_address`, `user_agent`, `payload`, `last_activity`) VALUES
('VB5hb1jvqPhGpB4LWwadjhapSMb03iKgrLErXhpY', 1, '::1', 'Mozilla/5.0 (Windows NT 10.0; Win64; x64) AppleWebKit/537.36 (KHTML, like Gecko) Chrome/136.0.0.0 Safari/537.36 Edg/136.0.0.0', 'YTo0OntzOjY6Il90b2tlbiI7czo0MDoidTR3UmFUYmNRM0JkR29DMjB1MlhRcWQxM1NFaG1YeVFNMWZzWkFRWiI7czo5OiJfcHJldmlvdXMiO2E6MTp7czozOiJ1cmwiO3M6Mzk6Imh0dHA6Ly9sb2NhbGhvc3Q6ODA4MC9yb29tLXJlc3RyaWN0aW9ucyI7fXM6NjoiX2ZsYXNoIjthOjI6e3M6Mzoib2xkIjthOjA6e31zOjM6Im5ldyI7YTowOnt9fXM6NTA6ImxvZ2luX3dlYl81OWJhMzZhZGRjMmIyZjk0MDE1ODBmMDE0YzdmNThlYTRlMzA5ODlkIjtpOjE7fQ==', 1748102687);

-- --------------------------------------------------------

--
-- Table structure for table `statuses`
--

CREATE TABLE `statuses` (
  `id` int(11) NOT NULL,
  `ten_trang_thai` varchar(50) NOT NULL,
  `mo_ta` text DEFAULT NULL
) ENGINE=InnoDB DEFAULT CHARSET=utf8 COLLATE=utf8_unicode_ci;

--
-- Dumping data for table `statuses`
--

INSERT INTO `statuses` (`id`, `ten_trang_thai`, `mo_ta`) VALUES
(1, 'Hot ng', 'Trng thi hot ng'),
(2, 'Khng hot ng', 'Trng thi khng hot ng');

-- --------------------------------------------------------

--
-- Table structure for table `storageunits`
--

CREATE TABLE `storageunits` (
  `id` int(11) NOT NULL,
  `ten_don_vi_luu_tru` varchar(50) NOT NULL,
  `mo_ta` text DEFAULT NULL
) ENGINE=InnoDB DEFAULT CHARSET=utf8 COLLATE=utf8_unicode_ci;

--
-- Dumping data for table `storageunits`
--

INSERT INTO `storageunits` (`id`, `ten_don_vi_luu_tru`, `mo_ta`) VALUES
(1, 'Lux', 'n v o Lux'),
(2, 'Centimet', 'n v o Centimet'),
(3, 'Nhit ', 'n v o Nhit '),
(4, ' m', 'n v o  m'),
(5, 'Phn trm', 'Phn trm theo thang 0-100%'),
(6, 'Thi gian', 'Thi gian nh dng theo Y-M-D H:M:S'),
(7, 'Trng thi', 'Trng thi c hoc khng'),
(8, 'Chy', 'Bo chy'),
(9, 'Chuyn ng', 'Pht hin chuyn ng'),
(10, 'Null', 'n v o Null');

-- --------------------------------------------------------

--
-- Table structure for table `systemlogs`
--

CREATE TABLE `systemlogs` (
  `id` int(11) NOT NULL,
  `noi_dung_thuc_hien` text NOT NULL,
  `id_nguoidung` int(11) DEFAULT NULL,
  `thoi_gian_thuc_hien` datetime NOT NULL
) ENGINE=InnoDB DEFAULT CHARSET=utf8 COLLATE=utf8_unicode_ci;

--
-- Dumping data for table `systemlogs`
--

INSERT INTO `systemlogs` (`id`, `noi_dung_thuc_hien`, `id_nguoidung`, `thoi_gian_thuc_hien`) VALUES
(236, 'ng nhp h thng', 23, '2025-05-09 23:49:51'),
(303, 'Yu cu t li mt khu', 23, '2025-05-14 14:16:25'),
(304, 't li mt khu', 23, '2025-05-14 14:17:50'),
(305, 'ng nhp h thng', 23, '2025-05-14 14:18:12'),
(306, 'Kha ti khon ngi dng: Nguyn Vn A3', 23, '2025-05-14 14:18:22'),
(307, 'Kha ti khon ngi dng: Nguyn Phm Minh Kha', 23, '2025-05-14 14:18:43'),
(308, 'Kha ti khon ngi dng: Nguyn Vn A', 23, '2025-05-14 14:18:56'),
(309, 'ng xut h thng', 23, '2025-05-14 14:30:17'),
(310, 'ng nhp h thng', 23, '2025-05-14 14:30:30'),
(311, 'Cp nht thng tin c nhn', 23, '2025-05-14 14:30:53'),
(312, 'Cp nht thng tin c nhn', 23, '2025-05-14 14:31:16'),
(313, 'Cp nht thng tin c nhn', 23, '2025-05-14 14:31:27'),
(314, 'Cp nht thng tin c nhn', 23, '2025-05-14 14:33:25'),
(315, 'Cp nht thng tin c nhn', 23, '2025-05-14 14:33:38'),
(316, 'Cp nht thng tin c nhn', 23, '2025-05-14 14:33:59'),
(317, 'ng nhp h thng', 23, '2025-05-14 14:42:07'),
(318, 'Xa phng: cc', 23, '2025-05-14 14:42:43'),
(319, 'Xa phng: c', 23, '2025-05-14 14:42:46'),
(320, 'Xa phng: ll', 23, '2025-05-14 14:42:49'),
(321, 'Xa phng: Phng 1', 23, '2025-05-14 14:42:55'),
(322, 'Xa phng: bxbbxb', 23, '2025-05-14 14:43:00'),
(323, 'Xa phng: nmm', 23, '2025-05-14 14:43:05'),
(324, 'Xa phng: cSSS', 23, '2025-05-14 14:43:08'),
(325, 'Xa phng: XXX', 23, '2025-05-14 14:43:12'),
(326, 'Xa phng: XVBNM,', 23, '2025-05-14 14:43:16'),
(327, 'Xa phng: mm', 23, '2025-05-14 14:43:19'),
(328, 'Xa phng: P.101', 23, '2025-05-14 14:43:23'),
(329, 'Xa phng: 2', 23, '2025-05-14 14:43:26'),
(330, 'Xa phng: Phng my A0101', 23, '2025-05-14 14:43:30'),
(331, 'Xa phng: d', 23, '2025-05-14 14:43:47'),
(332, 'Xa phng: m', 23, '2025-05-14 14:43:52'),
(333, 'Xa phng: Phng A0102', 23, '2025-05-14 14:44:01'),
(334, 'Xa lch cm s dng phng: Bo tr my tnh', 23, '2025-05-14 07:44:17'),
(335, 'Xa lch cm s dng phng: Kha phng A0101', 23, '2025-05-14 07:44:20'),
(336, 'Xa phng: Phng A0101', 23, '2025-05-14 14:44:30'),
(337, 'Cp nht thng tin cm bin: Module RTC P.0109', 23, '2025-05-14 14:44:57'),
(338, 'To lch cm s dng phng mi: Bo tr phng my', 23, '2025-05-14 07:48:40'),
(339, 'To lch cm s dng phng mi: Cm s dng phng', 23, '2025-05-14 07:50:24'),
(340, 'Kha ti khon ngi dng: Nguyn Phm Minh Kha', 23, '2025-05-14 14:53:27'),
(341, 'ng nhp h thng', 23, '2025-05-14 15:07:43'),
(342, 'Kha ti khon ngi dng: Nguyn Phm Minh Kha', 23, '2025-05-14 15:07:56'),
(343, 'Cp nht quyn ngi dng: Nguyn Phm Minh Kha', 23, '2025-05-14 15:08:01'),
(344, 'Kha ti khon ngi dng: Nguyn Phm Minh Kha', 23, '2025-05-14 15:08:03'),
(345, 'Cp nht quyn ngi dng: Nguyn Phm Minh Kha', 23, '2025-05-14 15:08:11'),
(346, 'Kha ti khon ngi dng: Nguyn Phm Minh Kha', 23, '2025-05-14 15:10:46'),
(347, 'Cp nht quyn ngi dng: Nguyn Phm Minh Kha', 23, '2025-05-14 15:11:41'),
(348, 'Kha ti khon ngi dng: Nguyn Phm Minh Kha', 23, '2025-05-14 15:11:45'),
(349, 'Cp nht quyn ngi dng: Nguyn Phm Minh Kha', 23, '2025-05-14 15:15:08'),
(350, 'Import ngi dng t file Excel: 1 thnh cng, 0 li', 23, '2025-05-14 08:24:00'),
(351, 'Xa ti khon ngi dng: Nguyn Vn A', 23, '2025-05-14 15:24:05'),
(352, 'Thm qun l phng P.0109', 23, '2025-05-14 08:28:06'),
(353, 'Thm qun l phng Phng A0104', 23, '2025-05-14 08:28:30'),
(354, 'Cp nht qun l phng P.0109', 23, '2025-05-14 08:30:23'),
(355, 'Cp nht lch cm s dng phng: Bo tr phng my', 23, '2025-05-14 08:43:16'),
(356, 'ng nhp h thng', 23, '2025-05-14 20:11:53'),
(357, 'Cp nht qun l phng P.0109', 23, '2025-05-14 13:44:42'),
(358, 'ng nhp h thng', 1, '2025-05-14 21:08:24'),
(359, 'ng nhp h thng', 23, '2025-05-14 23:38:09'),
(360, 'To lch cm s dng phng mi: c', 23, '2025-05-14 16:43:06'),
(361, 'Xa lch cm s dng phng: c', 23, '2025-05-14 16:43:17'),
(362, 'To lch cm s dng phng mi: d', 23, '2025-05-14 16:44:10'),
(363, 'ng nhp h thng', 23, '2025-05-14 23:45:54'),
(364, 'Cp nht lch cm s dng phng: dc', 23, '2025-05-14 16:46:35'),
(365, 'Xa lch cm s dng phng: dc', 23, '2025-05-14 16:46:40'),
(366, 'To lch cm s dng phng mi: dc', 23, '2025-05-14 16:47:31'),
(367, 'Xa lch cm s dng phng: dc', 23, '2025-05-14 16:47:36'),
(368, 'Nhp d liu lch cm s dng phng t file Excel: 0 thnh cng, 1 li', 23, '2025-05-14 16:48:00'),
(369, 'ng nhp h thng', 1, '2025-05-15 00:05:19'),
(370, 'ng nhp h thng', 1, '2025-05-15 18:41:12'),
(371, 'To lch cm s dng thit b mi: Cm s dng', 1, '2025-05-15 11:55:51'),
(372, 'Xa lch cm s dng thit b: Cm s dng', 1, '2025-05-15 11:56:05'),
(373, 'To lch cm s dng thit b mi: 111111111', 1, '2025-05-15 12:01:38'),
(374, 'Cp nht lch cm s dng thit b: Cm s dng thit b', 1, '2025-05-15 15:13:46'),
(375, 'Import device restriction schedules from Excel: 0 successful, 1 failed', 1, '2025-05-15 15:31:49'),
(376, 'Nhp d liu lch cm s dng thit b t Excel: 0 thnh cng, 1 tht bi', 1, '2025-05-15 15:34:14'),
(377, 'Truy cp phng Phng khoa kinh t lut', 1, '2025-05-15 23:17:35'),
(378, 'Truy cp phng P.0109', 1, '2025-05-15 23:36:26'),
(379, 'ng nhp h thng', 1, '2025-05-16 09:00:47'),
(380, 'ng nhp h thng', 1, '2025-05-16 13:39:06'),
(381, 'Thm phng mi: A', 1, '2025-05-16 13:53:54'),
(382, 'Xa phng: A', 1, '2025-05-16 13:54:14'),
(383, 'ng nhp h thng', 23, '2025-05-16 16:04:28'),
(384, 'ng nhp h thng', 23, '2025-05-16 17:09:44'),
(385, 'Thm cm bin mi: a', 23, '2025-05-16 20:33:30'),
(386, 'Xa cm bin: a', 23, '2025-05-16 20:33:57'),
(387, 'ng ca phng P.0109', 23, '2025-05-16 22:04:16'),
(388, 'Cp nht lch cm s dng phng: Bo tr phng my', 23, '2025-05-16 15:10:35'),
(389, 'ng xut h thng', 23, '2025-05-16 22:23:32'),
(390, 'ng nhp h thng', 1, '2025-05-16 22:24:01'),
(391, 'Cp nht thng tin c nhn', 1, '2025-05-16 22:27:54'),
(392, 'ng xut h thng', 1, '2025-05-16 22:28:54'),
(393, 'ng nhp h thng', 23, '2025-05-16 22:29:33'),
(394, 'Cp nht thng tin c nhn', 23, '2025-05-16 22:29:56'),
(395, 'ng nhp h thng', 1, '2025-05-16 22:31:47'),
(396, 'Cp nht thng tin c nhn', 1, '2025-05-16 23:07:04'),
(397, 'ng xut h thng', 1, '2025-05-16 23:08:09'),
(398, 'ng nhp h thng', 23, '2025-05-16 23:08:22'),
(399, 'Cp nht thng tin c nhn', 23, '2025-05-16 23:08:51'),
(400, 'Truy cp phng Phng khoa kinh t lut', 23, '2025-05-16 23:29:44'),
(401, 'ng ca phng Phng khoa kinh t lut', 23, '2025-05-16 23:30:31'),
(402, 'Truy cp phng Phng khoa kinh t lut', 23, '2025-05-17 00:02:26'),
(403, 'ng ca phng Phng khoa kinh t lut', 23, '2025-05-17 00:05:45'),
(404, 'Truy cp phng Phng khoa kinh t lut', 23, '2025-05-17 00:05:53'),
(405, 'ng ca phng Phng khoa kinh t lut', 23, '2025-05-17 00:09:57'),
(406, 'Truy cp phng Phng khoa kinh t lut', 23, '2025-05-17 00:10:06'),
(407, 'ng ca phng Phng khoa kinh t lut', 23, '2025-05-17 00:12:23'),
(408, 'Truy cp phng Phng khoa kinh t lut', 23, '2025-05-17 00:12:38'),
(409, 'ng ca phng Phng khoa kinh t lut', 23, '2025-05-17 00:13:06'),
(410, 'Truy cp phng Phng A0104', 23, '2025-05-17 00:13:17'),
(411, 'ng ca phng Phng A0104', 23, '2025-05-17 00:13:32'),
(412, 'Truy cp phng Phng khoa kinh t lut', 23, '2025-05-17 00:13:43'),
(413, 'ng ca phng Phng khoa kinh t lut', 23, '2025-05-17 00:14:54'),
(414, 'Truy cp phng Phng khoa in in t', 23, '2025-05-17 00:15:03'),
(415, 'ng ca phng Phng khoa in in t', 23, '2025-05-17 00:15:56'),
(416, 'Truy cp phng Phng khoa in in t', 23, '2025-05-17 00:16:05'),
(417, 'ng ca phng Phng khoa in in t', 23, '2025-05-17 00:19:23'),
(418, 'Truy cp phng Phng khoa in in t', 23, '2025-05-17 00:19:34'),
(419, 'ng ca phng Phng khoa in in t', 23, '2025-05-17 00:27:23'),
(420, 'Truy cp phng Phng khoa in in t', 23, '2025-05-17 00:27:33'),
(421, 'ng ca phng Phng khoa in in t', 23, '2025-05-17 00:33:23'),
(422, 'Truy cp phng Phng khoa in in t', 23, '2025-05-17 00:33:33'),
(423, 'ng ca phng Phng khoa in in t', 23, '2025-05-17 00:35:23'),
(424, 'Truy cp phng Phng khoa in in t', 23, '2025-05-17 00:37:28'),
(425, 'ng ca phng Phng khoa in in t', 23, '2025-05-17 00:40:52'),
(426, 'Xa lch cm s dng phng: Bo tr phng my', 23, '2025-05-16 17:42:00'),
(427, 'Truy cp phng P.0109', 23, '2025-05-17 00:42:15'),
(428, 'ng ca phng P.0109', 23, '2025-05-17 00:58:17'),
(429, 'ng nhp h thng', 23, '2025-05-17 08:54:35'),
(430, 'Truy cp phng P.0109', 23, '2025-05-17 08:54:54'),
(431, 'ng ca phng P.0109', 23, '2025-05-17 09:00:32'),
(432, 'ng xut h thng', 23, '2025-05-17 09:02:07'),
(433, 'ng nhp h thng', 23, '2025-05-17 18:24:34'),
(434, 'Thm ngi dng mi: H Ch Thanh', 23, '2025-05-17 18:26:15'),
(435, 'Thm ngi dng mi: Nguyn Th Vng', 23, '2025-05-17 18:27:10'),
(436, 'Thm qun l phng P.0109', 23, '2025-05-17 11:29:52'),
(437, 'Thm qun l phng P.0109', 23, '2025-05-17 11:30:36'),
(438, 'Truy cp phng P.0109', 23, '2025-05-17 18:32:35'),
(439, 'Thm phng mi: P.0110', 23, '2025-05-17 18:38:04'),
(440, 'ng nhp h thng', 23, '2025-05-18 07:58:38'),
(441, 'To lch cm s dng thit b mi: Cm s dng', 23, '2025-05-18 08:02:31'),
(442, 'ng ca phng P.0109', 23, '2025-05-18 08:07:20'),
(443, 'Truy cp phng P.0110', 23, '2025-05-18 08:07:31'),
(444, 'ng ca phng P.0110', 23, '2025-05-18 08:23:37'),
(445, 'Truy cp phng P.0110', 23, '2025-05-18 08:28:43'),
(446, 'ng ca phng P.0110', 23, '2025-05-18 08:31:27'),
(447, 'Truy cp phng P.0110', 23, '2025-05-18 08:35:30'),
(448, 'ng ca phng P.0110', 23, '2025-05-18 08:38:28'),
(449, 'Truy cp phng P.0109', 23, '2025-05-18 08:49:01'),
(450, 'ng ca phng P.0109', 23, '2025-05-18 09:07:05'),
(451, 'Truy cp phng P.0110', 23, '2025-05-18 09:09:52'),
(452, 'ng ca phng P.0110', 23, '2025-05-18 09:10:02'),
(453, 'Truy cp phng P.0109', 23, '2025-05-18 09:10:12'),
(454, 'Cp nht thng tin thit b: My lnh phng P.0109', 23, '2025-05-18 09:18:48'),
(455, 'Thm thit b mi: 2', 23, '2025-05-18 09:29:53'),
(456, 'Thm thit b mi: 3', 23, '2025-05-18 09:35:51'),
(457, 'Xa thit b: 3', 23, '2025-05-18 09:35:55'),
(458, 'Xa thit b: 2', 23, '2025-05-18 09:35:58'),
(459, 'Cp nht thng tin thit b: ng c rm ca phng P.0109', 23, '2025-05-18 09:45:11'),
(460, 'Cp nht thng tin thit b: ng c rm ca phng P.0109', 23, '2025-05-18 09:45:25'),
(461, 'Import thit b t file Excel. Thnh cng: 0, Li: 1', 23, '2025-05-18 09:49:25'),
(462, 'Import thit b t file Excel. Thnh cng: 0, Li: 1', 23, '2025-05-18 09:50:18'),
(463, 'Import thit b t file Excel. Thnh cng: 0, Li: 1', 23, '2025-05-18 09:51:40'),
(464, 'Import thit b t file Excel. Thnh cng: 0, Li: 1', 23, '2025-05-18 09:52:12'),
(465, 'Import thit b t file Excel. Thnh cng: 0, Li: 1', 23, '2025-05-18 09:55:07'),
(466, 'Import thit b t file Excel. Thnh cng: 0, Li: 1', 23, '2025-05-18 09:56:07'),
(467, 'Import thit b t file Excel. Thnh cng: 0, Li: 1', 23, '2025-05-18 09:57:45'),
(468, 'Import thit b t file Excel. Thnh cng: 0, Li: 1', 23, '2025-05-18 09:58:48'),
(469, 'Import thit b t file Excel. Thnh cng: 1, Li: 0', 23, '2025-05-18 09:59:49'),
(470, 'Xa thit b: My tnh Dell', 23, '2025-05-18 09:59:59'),
(471, 'Thm thit b mi: G', 23, '2025-05-18 10:02:57'),
(472, 'Xa thit b: G', 23, '2025-05-18 10:07:33'),
(473, 'Cp nht thng tin thit b: ng c rm ca phng P.0109', 23, '2025-05-18 10:13:03'),
(474, 'ng ca phng P.0109', 23, '2025-05-18 11:02:43'),
(475, 'Truy cp phng P.0110', 23, '2025-05-18 11:02:54'),
(476, 'Xa cm bin: Cm bin DHT 22 phng P.0110', 23, '2025-05-18 11:16:45'),
(477, 'ng ca phng P.0110', 23, '2025-05-18 12:37:35'),
(478, 'Cp nht quyn ngi dng: Nguyn Phm Minh Kha', 23, '2025-05-18 13:11:13'),
(479, 'ng xut h thng', 23, '2025-05-18 13:27:52'),
(480, 'ng nhp h thng', 1, '2025-05-18 13:28:15'),
(481, 'ng xut h thng', 1, '2025-05-18 13:36:08'),
(482, 'ng nhp h thng', 23, '2025-05-18 13:36:25'),
(483, 'Truy cp phng P.0109', 23, '2025-05-18 13:43:04'),
(484, 'ng xut h thng', 23, '2025-05-18 14:07:38'),
(485, 'ng nhp h thng', 1, '2025-05-18 14:08:09'),
(486, 'Thm qun l phng P.0109', 1, '2025-05-18 07:09:34'),
(487, 'ng nhp h thng', 1, '2025-05-19 17:39:44'),
(488, 'Cp nht thng tin thit b: ng c ca phng P.0109', 1, '2025-05-19 17:41:21'),
(489, 'Cp nht thng tin thit b: Ci bo chy phng P.0109', 1, '2025-05-19 17:44:56'),
(490, 'ng ca phng P.0109', 1, '2025-05-19 18:03:20'),
(491, 'Truy cp phng P.0109', 1, '2025-05-19 18:04:02'),
(492, 'ng ca phng P.0109', 1, '2025-05-19 18:08:29'),
(493, 'Truy cp phng P.0109', 1, '2025-05-19 18:09:32'),
(494, 'iu khin thit b ng c ca phng P.0109', 1, '2025-05-19 18:11:00'),
(495, 'iu khin thit b Tivi samsung phng P.0109', 1, '2025-05-19 18:11:52'),
(496, 'iu khin thit b Tivi samsung phng P.0109', 1, '2025-05-19 18:12:32'),
(497, 'iu khin thit b Tivi samsung phng P.0109', 1, '2025-05-19 18:13:21'),
(498, 'iu khin thit b Tivi samsung phng P.0109', 1, '2025-05-19 18:13:59'),
(499, 'iu khin thit b Tivi samsung phng P.0109', 1, '2025-05-19 18:22:14'),
(500, 'iu khin thit b Tivi samsung phng P.0109', 1, '2025-05-19 18:23:06'),
(501, 'iu khin thit b Tivi samsung phng P.0109', 1, '2025-05-19 18:29:52'),
(502, 'iu khin thit b Tivi samsung phng P.0109', 1, '2025-05-19 18:30:23'),
(503, 'iu khin thit b Tivi samsung phng P.0109', 1, '2025-05-19 18:30:55'),
(504, 'iu khin thit b Tivi samsung phng P.0109', 1, '2025-05-19 18:32:01'),
(505, 'ng ca phng P.0109', 1, '2025-05-19 18:32:51'),
(506, 'Truy cp phng P.0109', 1, '2025-05-19 18:33:40'),
(507, 'iu khin thit b ng c ca phng P.0109', 1, '2025-05-19 18:35:07'),
(508, 'iu khin thit b ng c ca phng P.0109', 1, '2025-05-19 18:35:34'),
(509, 'iu khin thit b Tivi samsung phng P.0109', 1, '2025-05-19 18:39:06'),
(510, 'iu khin thit b Tivi samsung phng P.0109', 1, '2025-05-19 18:39:10'),
(511, 'iu khin thit b Qut trm phng P.0109', 1, '2025-05-19 18:39:42'),
(512, 'iu khin thit b Ci bo chy phng P.0109', 1, '2025-05-19 18:40:56'),
(513, 'iu khin thit b Ci bo chy phng P.0109', 1, '2025-05-19 18:41:21'),
(514, 'iu khin thit b Ci bo chy phng P.0109', 1, '2025-05-19 18:42:00'),
(515, 'iu khin thit b Ci bo chy phng P.0109', 1, '2025-05-19 18:42:31'),
(516, 'iu khin thit b Ci bo chy phng P.0109', 1, '2025-05-19 18:43:55'),
(517, 'iu khin thit b Ci bo chy phng P.0109', 1, '2025-05-19 18:44:54'),
(518, 'iu khin thit b Qut trm phng P.0109', 1, '2025-05-19 19:19:03'),
(519, 'iu khin thit b ng c ca phng P.0109', 1, '2025-05-19 19:19:57'),
(520, 'iu khin thit b ng c ca phng P.0109', 1, '2025-05-19 19:21:17'),
(521, 'ng nhp h thng', 1, '2025-05-20 21:40:10'),
(522, 'ng ca phng P.0109', 1, '2025-05-20 21:47:31'),
(523, 'ng nhp h thng', 1, '2025-05-21 15:07:33'),
(524, 'Truy cp phng P.0109', 1, '2025-05-21 15:07:57'),
(525, 'iu khin thit b Tivi samsung phng P.0109', 1, '2025-05-21 15:20:50'),
(526, 'ng nhp h thng', 1, '2025-05-21 15:23:26'),
(527, 'iu khin thit b Tivi samsung phng P.0109', 1, '2025-05-21 15:24:34'),
(528, 'iu khin thit b Tivi samsung phng P.0109', 1, '2025-05-21 15:25:05'),
(529, 'ng nhp h thng', 1, '2025-05-21 15:31:30'),
(530, 'iu khin thit b ng c ca phng P.0109', 1, '2025-05-21 15:34:35'),
(531, 'ng ca phng P.0109', 1, '2025-05-21 15:39:01'),
(532, 'Truy cp phng P.0109', 1, '2025-05-21 15:42:06'),
(533, 'ng nhp h thng', 1, '2025-05-21 15:44:39'),
(534, 'Cp nht lch cm s dng phng: Cm s dng phng', 1, '2025-05-21 08:46:55'),
(535, 'Cp nht lch cm s dng phng: Cm s dng phng', 1, '2025-05-21 08:47:08'),
(536, 'Xa lch cm s dng phng: Cm s dng phng', 1, '2025-05-21 08:47:25'),
(537, 'iu khin thit b Tivi samsung phng P.0109', 1, '2025-05-21 15:49:38'),
(538, 'ng ca phng P.0109', 1, '2025-05-21 15:50:31'),
(539, 'Truy cp phng P.0109', 1, '2025-05-21 15:50:40'),
(540, 'iu khin thit b Ci bo chy phng P.0109', 1, '2025-05-21 15:51:15'),
(541, 'ng ca phng P.0109', 1, '2025-05-21 17:05:19'),
(542, 'Truy cp phng P.0110', 1, '2025-05-21 17:05:28'),
(543, 'Thm thit b mi: a', 1, '2025-05-21 17:06:26'),
(544, 'iu khin thit b a', 1, '2025-05-21 17:06:34'),
(545, 'iu khin thit b a', 1, '2025-05-21 17:07:59'),
(546, 'ng ca phng P.0110', 1, '2025-05-21 17:08:52'),
(547, 'ng nhp h thng', 1, '2025-05-21 22:07:04'),
(548, 'ng xut h thng', 1, '2025-05-21 22:07:27'),
(549, 'ng nhp h thng', 23, '2025-05-21 22:08:03'),
(550, 'Truy cp phng P.0109', 23, '2025-05-21 22:08:28'),
(551, 'ng xut h thng', 23, '2025-05-21 22:42:30'),
(552, 'ng nhp h thng', 27, '2025-05-21 22:42:44'),
(553, 'ng ca phng P.0109', 27, '2025-05-21 22:42:57'),
(554, 'Cp nht thng tin c nhn', 27, '2025-05-21 22:44:07'),
(555, 'Truy cp phng P.0109', 27, '2025-05-21 22:44:28'),
(556, 'ng nhp h thng', 1, '2025-05-24 16:23:56'),
(557, 'Thm thit b mi: n s 1 P.0109', 1, '2025-05-24 16:24:54'),
(558, 'Thm thit b mi: n s 2 P.0109', 1, '2025-05-24 16:25:28'),
(559, 'Xa thit b: a', 1, '2025-05-24 16:25:37'),
(560, 'Thm cm bin mi: Cm bin chuyn ng P.0109', 1, '2025-05-24 16:26:49'),
(561, 'iu khin thit b n s 1 P.0109', 1, '2025-05-24 16:50:28'),
(562, 'iu khin thit b Ci bo chy phng P.0109', 1, '2025-05-24 16:58:10'),
(563, 'iu khin thit b Ci bo chy phng P.0109', 1, '2025-05-24 16:58:15'),
(564, 'iu khin thit b Ci bo chy phng P.0109', 1, '2025-05-24 16:59:43'),
(565, 'iu khin thit b Ci bo chy phng P.0109', 1, '2025-05-24 17:02:02'),
(566, 'iu khin thit b n s 1 P.0109', 1, '2025-05-24 17:02:17'),
(567, 'iu khin thit b n s 2 P.0109', 1, '2025-05-24 17:02:22'),
(568, 'iu khin thit b n s 1 P.0109', 1, '2025-05-24 17:03:15'),
(569, 'iu khin thit b n s 2 P.0109', 1, '2025-05-24 17:03:20'),
(570, 'iu khin thit b n s 1 P.0109', 1, '2025-05-24 17:06:12'),
(571, 'iu khin thit b n s 2 P.0109', 1, '2025-05-24 17:06:16'),
(572, 'iu khin thit b n s 1 P.0109', 1, '2025-05-24 17:08:46'),
(573, 'iu khin thit b Ci bo chy phng P.0109', 1, '2025-05-24 18:09:15'),
(574, 'iu khin thit b Tivi samsung phng P.0109', 1, '2025-05-24 18:09:25'),
(575, 'iu khin thit b Tivi samsung phng P.0109', 1, '2025-05-24 18:10:24'),
(576, 'ng ca phng P.0109', 1, '2025-05-24 18:31:09'),
(577, 'ng ca phng P.0109', 1, '2025-05-24 18:31:10'),
(578, 'Truy cp phng P.0109', 1, '2025-05-24 18:34:33'),
(579, 'ng ca phng P.0109', 1, '2025-05-24 18:34:56'),
(580, 'Truy cp phng P.0109', 1, '2025-05-24 18:39:23'),
(581, 'iu khin thit b Tivi samsung phng P.0109', 1, '2025-05-24 18:39:34'),
(582, 'iu khin thit b Tivi samsung phng P.0109', 1, '2025-05-24 18:40:27'),
(583, 'iu khin thit b Tivi samsung phng P.0109', 1, '2025-05-24 18:40:35'),
(584, 'iu khin thit b Tivi samsung phng P.0109', 1, '2025-05-24 18:41:09'),
(585, 'iu khin thit b n s 1 P.0109', 1, '2025-05-24 18:41:34'),
(586, 'iu khin thit b My tnh 01 phng P.0109', 1, '2025-05-24 18:42:42'),
(587, 'iu khin thit b My tnh 01 phng P.0109', 1, '2025-05-24 18:44:05'),
(588, 'iu khin thit b My tnh 01 phng P.0109', 1, '2025-05-24 18:44:11'),
(589, 'Tt thit b My tnh 02 phng P.0109', 1, '2025-05-24 18:44:56'),
(590, 'Bt thit b n s 1 P.0109', 1, '2025-05-24 19:23:45'),
(591, 'Bt thit b n s 1 P.0109', 1, '2025-05-24 19:26:49'),
(592, 'Tt thit b My tnh 01 phng P.0109', 1, '2025-05-24 19:29:57'),
(593, 'Tt thit b My tnh 02 phng P.0109', 1, '2025-05-24 19:30:06'),
(594, 'Xa thit b: My tnh 01 phng P.0109', 1, '2025-05-24 19:32:43'),
(595, 'Xa thit b: My tnh 02 phng P.0109', 1, '2025-05-24 19:32:46'),
(596, 'Tt thit b Tivi samsung phng P.0109', 1, '2025-05-24 19:34:03'),
(597, 'Tt thit b Tivi samsung phng P.0109', 1, '2025-05-24 19:36:22'),
(598, 'Bt thit b Tivi samsung phng P.0109', 1, '2025-05-24 19:37:30'),
(599, 'ng ca phng P.0109', 1, '2025-05-24 20:09:55'),
(600, 'Truy cp phng P.0109', 1, '2025-05-24 20:11:43'),
(601, 'Tt thit b ng c ca phng P.0109', 1, '2025-05-24 20:12:05'),
(602, 'ng ca phng P.0109', 1, '2025-05-24 20:14:04'),
(603, 'Truy cp phng P.0109', 1, '2025-05-24 20:14:13'),
(604, 'ng ca phng P.0109', 1, '2025-05-24 20:14:31'),
(605, 'Truy cp phng P.0109', 1, '2025-05-24 20:38:58'),
(606, 'ng ca phng P.0109', 1, '2025-05-24 20:39:13'),
(607, 'Thm phng mi: P.0111', 1, '2025-05-24 21:30:53'),
(608, 'Thm phng mi: P.0112', 1, '2025-05-24 21:32:39'),
(609, 'Cp nht thng tin cm bin: Cm bin kh gas phng P.0109', 1, '2025-05-24 21:48:21'),
(610, 'Cp nht thng tin cm bin: Cm bin chuyn ng phng P.0109', 1, '2025-05-24 21:48:27'),
(611, 'Cp nht thng tin cm bin: Cm bin DHT 22 phng P.0109', 1, '2025-05-24 21:48:32'),
(612, 'Cp nht thng tin cm bin: Module RTC P.0109', 1, '2025-05-24 21:48:36'),
(613, 'Cp nht thng tin cm bin: Cm bin siu m P.0109', 1, '2025-05-24 21:48:40'),
(614, 'Cp nht thng tin cm bin: Cm bin bo chy P.0109', 1, '2025-05-24 21:48:45'),
(615, 'Cp nht thng tin cm bin: Cm bin kh gas phng P.0110', 1, '2025-05-24 21:48:50'),
(616, 'Cp nht thng tin cm bin: Cm bin chuyn ng phng P.0110', 1, '2025-05-24 21:48:54'),
(617, 'Cp nht thng tin cm bin: Module RTC P.0110', 1, '2025-05-24 21:48:59'),
(618, 'Cp nht thng tin cm bin: Cm bin siu m P.0110', 1, '2025-05-24 21:49:07'),
(619, 'Truy cp phng P.0112', 1, '2025-05-24 21:49:51'),
(620, 'Bt thit b n s 2 P.0112', 1, '2025-05-24 21:56:33'),
(621, 'Bt thit b Ci bo chy phng P.0112', 1, '2025-05-24 21:56:43'),
(622, 'ng ca phng P.0112', 1, '2025-05-24 21:56:49'),
(623, 'Truy cp phng P.0111', 1, '2025-05-24 21:56:59'),
(624, 'Bt thit b n s 2 P.0111', 1, '2025-05-24 21:57:07'),
(625, 'Bt thit b n s 1 P.0111', 1, '2025-05-24 21:57:12'),
(626, 'ng ca phng P.0111', 1, '2025-05-24 21:57:54'),
(627, 'Truy cp phng P.0112', 1, '2025-05-24 21:58:02'),
(628, 'Tt thit b Ci bo chy phng P.0112', 1, '2025-05-24 21:58:09'),
(629, 'ng ca phng P.0112', 1, '2025-05-24 21:58:12'),
(630, 'Truy cp phng P.0111', 1, '2025-05-24 21:58:22'),
(631, 'ng ca phng P.0111', 1, '2025-05-24 21:59:50'),
(632, 'Truy cp phng P.0112', 1, '2025-05-24 22:00:04'),
(633, 'ng ca phng P.0112', 1, '2025-05-24 22:02:09'),
(634, 'Truy cp phng P.0111', 1, '2025-05-24 22:02:20'),
(635, 'ng ca phng P.0111', 1, '2025-05-24 22:07:43'),
(636, 'Thm qun l phng P.0112', 1, '2025-05-24 15:09:42'),
(637, 'Xa qun l phng P.0109', 1, '2025-05-24 15:09:47'),
(638, 'Xa qun l phng P.0109', 1, '2025-05-24 15:09:55'),
(639, 'Thm ngi dng mi: Nguyn Th Vng', 1, '2025-05-24 22:11:08'),
(640, 'Thm qun l phng P.0111', 1, '2025-05-24 15:11:27'),
(641, 'Truy cp phng P.0112', 1, '2025-05-24 22:26:19'),
(642, 'Tt thit b Tivi samsung phng P.0112', 1, '2025-05-24 22:26:27'),
(643, 'Bt thit b Ci bo chy phng P.0112', 1, '2025-05-24 22:27:21'),
(644, 'Bt thit b Tivi samsung phng P.0112', 1, '2025-05-24 22:27:25'),
(645, 'Tt thit b Ci bo chy phng P.0112', 1, '2025-05-24 22:27:54'),
(646, 'Tt thit b Tivi samsung phng P.0112', 1, '2025-05-24 22:27:59'),
(647, 'To lch cm s dng phng mi: aaaaaaaaa', 1, '2025-05-24 15:38:39'),
(648, 'ng ca phng P.0112', 1, '2025-05-24 22:38:46'),
(649, 'Xa lch cm s dng phng: aaaaaaaaa', 1, '2025-05-24 15:39:27'),
(650, 'Truy cp phng P.0109', 1, '2025-05-24 22:42:42'),
(651, 'ng ca phng P.0109', 1, '2025-05-24 22:42:57'),
(652, 'Truy cp phng Phng A0104', 1, '2025-05-24 22:47:55'),
(653, 'ng ca phng Phng A0104', 1, '2025-05-24 22:47:59'),
(654, 'Truy cp phng P.0109', 1, '2025-05-24 22:48:33'),
(655, 'ng ca phng P.0109', 1, '2025-05-24 22:48:38'),
(656, 'Truy cp phng P.0109', 1, '2025-05-24 23:04:37');

-- --------------------------------------------------------

--
-- Table structure for table `usagestatuses`
--

CREATE TABLE `usagestatuses` (
  `id` int(11) NOT NULL,
  `ten_trang_thai` varchar(50) NOT NULL,
  `mo_ta` text DEFAULT NULL
) ENGINE=InnoDB DEFAULT CHARSET=utf8 COLLATE=utf8_unicode_ci;

--
-- Dumping data for table `usagestatuses`
--

INSERT INTO `usagestatuses` (`id`, `ten_trang_thai`, `mo_ta`) VALUES
(1, 'Cha s dng', 'Cha hoc s dng xong phng'),
(2, 'ang s dng', 'ang s dng phng');

-- --------------------------------------------------------

--
-- Table structure for table `userpermissions`
--

CREATE TABLE `userpermissions` (
  `id` int(11) NOT NULL,
  `id_nguoidung` int(11) DEFAULT NULL,
  `id_quyen` int(11) DEFAULT NULL
) ENGINE=InnoDB DEFAULT CHARSET=utf8 COLLATE=utf8_unicode_ci;

--
-- Dumping data for table `userpermissions`
--

INSERT INTO `userpermissions` (`id`, `id_nguoidung`, `id_quyen`) VALUES
(30, 23, 2),
(36, 26, 4),
(38, 1, 1),
(39, 28, 4);

-- --------------------------------------------------------

--
-- Table structure for table `userrestrictionschedule`
--

CREATE TABLE `userrestrictionschedule` (
  `id` int(11) NOT NULL,
  `noi_dung_cam_su_dung` text NOT NULL,
  `id_nguoidung` int(11) DEFAULT NULL,
  `thoi_gian_bat_dau` datetime NOT NULL,
  `thoi_gian_ket_thuc` datetime NOT NULL
) ENGINE=InnoDB DEFAULT CHARSET=utf8 COLLATE=utf8_unicode_ci;

-- --------------------------------------------------------

--
-- Table structure for table `users`
--

CREATE TABLE `users` (
  `id` int(11) NOT NULL,
  `ten_tai_khoan` varchar(50) NOT NULL,
  `email` varchar(100) NOT NULL,
  `password` varchar(255) NOT NULL,
  `ho_ten` varchar(100) NOT NULL,
  `sdt` varchar(20) DEFAULT NULL,
  `id_khoa` int(11) DEFAULT NULL,
  `remember_token` varchar(100) DEFAULT NULL
) ENGINE=InnoDB DEFAULT CHARSET=utf8 COLLATE=utf8_unicode_ci;

--
-- Dumping data for table `users`
--

INSERT INTO `users` (`id`, `ten_tai_khoan`, `email`, `password`, `ho_ten`, `sdt`, `id_khoa`, `remember_token`) VALUES
(1, 'ALEX', 'nguyenkha.it.160204@gmail.com', '$2y$12$5ESR/8WTEGC1r8iQ5j3mSOIM2aSqK9jumexidwehUxqHr4XONTAO2', 'Nguyn Phm Minh Kha', '01234567890', 2, 'XM4cptELzjoxkhJZ5v7LCbmUfDYpywdek1xaW2APKqJg4bDyzjUL71Pu0S3r'),
(23, 'Nguyn Kha', 'nguyenkha.it.280104@gmail.com', '$2y$12$NAQPsa2dCii2Mec5GJ3PWugJkLmTgH78jaD2VeJpWCsQUhkxkMmDe', 'Nguyn Phm Minh Kha', '0349930924', 1, 'p2f1ehS7eXqof3qdYMuVxRu2KiSY9XxOHWIfOipOhyL9EVPgPMBxzvyU54hf'),
(26, 'H Ch Thanh', '22004010@st.vlute.edu.vn', '$2y$12$J0GaIyrwGaBOeD97yCwIXeqGcW0sPtMpvvVohTb.cIG92wjjlBf9y', 'H Ch Thanh', '0706958301', 1, NULL),
(27, 'Nguyn Th Vng', 'a@gmail.com', '$2y$12$ZSiAu/Ln5pNVAvUaWqUHOOVxAzgcRY0Pby4FaVl.sdv2V0n.jhDci', 'Nguyn Th Vng', '0372513172', 1, NULL),
(28, 'Th Vng', '22004003@st.vlute.edu.vn', '$2y$12$1QKCOfQc52WOld3J9g1LteYSWJS.uOmYUjOhqzB/.8LtkeqrPZHei', 'Nguyn Th Vng', '0123456789', 1, NULL);

--
-- Indexes for dumped tables
--

--
-- Indexes for table `cache`
--
ALTER TABLE `cache`
  ADD PRIMARY KEY (`key`);

--
-- Indexes for table `cache_locks`
--
ALTER TABLE `cache_locks`
  ADD PRIMARY KEY (`key`);

--
-- Indexes for table `datalist`
--
ALTER TABLE `datalist`
  ADD PRIMARY KEY (`id`),
  ADD KEY `id_cambien` (`id_cambien`),
  ADD KEY `id_donviluutru` (`id_donviluutru`);

--
-- Indexes for table `departments`
--
ALTER TABLE `departments`
  ADD PRIMARY KEY (`id`),
  ADD KEY `id_phong` (`id_phong`);

--
-- Indexes for table `devicerestrictionschedule`
--
ALTER TABLE `devicerestrictionschedule`
  ADD PRIMARY KEY (`id`),
  ADD KEY `id_thietbi` (`id_thietbi`);

--
-- Indexes for table `devices`
--
ALTER TABLE `devices`
  ADD PRIMARY KEY (`id`),
  ADD UNIQUE KEY `ma_so` (`ma_so`),
  ADD KEY `id_loaithietbi` (`id_loaithietbi`),
  ADD KEY `id_phong` (`id_phong`),
  ADD KEY `id_trangthai` (`id_trangthai`);

--
-- Indexes for table `devicetypes`
--
ALTER TABLE `devicetypes`
  ADD PRIMARY KEY (`id`);

--
-- Indexes for table `deviceusagehistory`
--
ALTER TABLE `deviceusagehistory`
  ADD PRIMARY KEY (`id`),
  ADD KEY `id_thietbi` (`id_thietbi`),
  ADD KEY `id_nguoidung` (`id_nguoidung`),
  ADD KEY `id_trangthaisudung` (`id_trangthaisudung`);

--
-- Indexes for table `failed_jobs`
--
ALTER TABLE `failed_jobs`
  ADD PRIMARY KEY (`id`),
  ADD UNIQUE KEY `failed_jobs_uuid_unique` (`uuid`);

--
-- Indexes for table `jobs`
--
ALTER TABLE `jobs`
  ADD PRIMARY KEY (`id`),
  ADD KEY `jobs_queue_index` (`queue`);

--
-- Indexes for table `job_batches`
--
ALTER TABLE `job_batches`
  ADD PRIMARY KEY (`id`);

--
-- Indexes for table `migrations`
--
ALTER TABLE `migrations`
  ADD PRIMARY KEY (`id`);

--
-- Indexes for table `password_resets`
--
ALTER TABLE `password_resets`
  ADD PRIMARY KEY (`email`);

--
-- Indexes for table `password_reset_tokens`
--
ALTER TABLE `password_reset_tokens`
  ADD PRIMARY KEY (`email`);

--
-- Indexes for table `permissions`
--
ALTER TABLE `permissions`
  ADD PRIMARY KEY (`id`);

--
-- Indexes for table `roommanagers`
--
ALTER TABLE `roommanagers`
  ADD PRIMARY KEY (`id`),
  ADD KEY `id_nguoidung` (`id_nguoidung`),
  ADD KEY `id_phong` (`id_phong`);

--
-- Indexes for table `roomrestrictionschedule`
--
ALTER TABLE `roomrestrictionschedule`
  ADD PRIMARY KEY (`id`),
  ADD KEY `id_phong` (`id_phong`);

--
-- Indexes for table `rooms`
--
ALTER TABLE `rooms`
  ADD PRIMARY KEY (`id`);

--
-- Indexes for table `roomusagehistory`
--
ALTER TABLE `roomusagehistory`
  ADD PRIMARY KEY (`id`),
  ADD KEY `id_phong` (`id_phong`),
  ADD KEY `id_nguoidung` (`id_nguoidung`),
  ADD KEY `id_trangthaisudung` (`id_trangthaisudung`);

--
-- Indexes for table `sensors`
--
ALTER TABLE `sensors`
  ADD PRIMARY KEY (`id`),
  ADD UNIQUE KEY `ma_so` (`ma_so`),
  ADD KEY `id_loaicambien` (`id_loaicambien`),
  ADD KEY `id_phong` (`id_phong`),
  ADD KEY `id_trangthai` (`id_trangthai`);

--
-- Indexes for table `sensortypes`
--
ALTER TABLE `sensortypes`
  ADD PRIMARY KEY (`id`);

--
-- Indexes for table `sessions`
--
ALTER TABLE `sessions`
  ADD PRIMARY KEY (`id`),
  ADD KEY `sessions_user_id_index` (`user_id`),
  ADD KEY `sessions_last_activity_index` (`last_activity`);

--
-- Indexes for table `statuses`
--
ALTER TABLE `statuses`
  ADD PRIMARY KEY (`id`);

--
-- Indexes for table `storageunits`
--
ALTER TABLE `storageunits`
  ADD PRIMARY KEY (`id`);

--
-- Indexes for table `systemlogs`
--
ALTER TABLE `systemlogs`
  ADD PRIMARY KEY (`id`),
  ADD KEY `id_nguoidung` (`id_nguoidung`);

--
-- Indexes for table `usagestatuses`
--
ALTER TABLE `usagestatuses`
  ADD PRIMARY KEY (`id`);

--
-- Indexes for table `userpermissions`
--
ALTER TABLE `userpermissions`
  ADD PRIMARY KEY (`id`),
  ADD KEY `id_nguoidung` (`id_nguoidung`),
  ADD KEY `id_quyen` (`id_quyen`);

--
-- Indexes for table `userrestrictionschedule`
--
ALTER TABLE `userrestrictionschedule`
  ADD PRIMARY KEY (`id`),
  ADD KEY `id_nguoidung` (`id_nguoidung`);

--
-- Indexes for table `users`
--
ALTER TABLE `users`
  ADD PRIMARY KEY (`id`),
  ADD UNIQUE KEY `ten_tai_khoan` (`ten_tai_khoan`),
  ADD UNIQUE KEY `email` (`email`),
  ADD KEY `id_khoa` (`id_khoa`);

--
-- AUTO_INCREMENT for dumped tables
--

--
-- AUTO_INCREMENT for table `datalist`
--
ALTER TABLE `datalist`
  MODIFY `id` int(11) NOT NULL AUTO_INCREMENT, AUTO_INCREMENT=34108;

--
-- AUTO_INCREMENT for table `departments`
--
ALTER TABLE `departments`
  MODIFY `id` int(11) NOT NULL AUTO_INCREMENT, AUTO_INCREMENT=4;

--
-- AUTO_INCREMENT for table `devicerestrictionschedule`
--
ALTER TABLE `devicerestrictionschedule`
  MODIFY `id` int(11) NOT NULL AUTO_INCREMENT, AUTO_INCREMENT=4;

--
-- AUTO_INCREMENT for table `devices`
--
ALTER TABLE `devices`
  MODIFY `id` int(11) NOT NULL AUTO_INCREMENT, AUTO_INCREMENT=32;

--
-- AUTO_INCREMENT for table `devicetypes`
--
ALTER TABLE `devicetypes`
  MODIFY `id` int(11) NOT NULL AUTO_INCREMENT, AUTO_INCREMENT=8;

--
-- AUTO_INCREMENT for table `deviceusagehistory`
--
ALTER TABLE `deviceusagehistory`
  MODIFY `id` int(11) NOT NULL AUTO_INCREMENT, AUTO_INCREMENT=18;

--
-- AUTO_INCREMENT for table `failed_jobs`
--
ALTER TABLE `failed_jobs`
  MODIFY `id` bigint(20) UNSIGNED NOT NULL AUTO_INCREMENT;

--
-- AUTO_INCREMENT for table `jobs`
--
ALTER TABLE `jobs`
  MODIFY `id` bigint(20) UNSIGNED NOT NULL AUTO_INCREMENT;

--
-- AUTO_INCREMENT for table `migrations`
--
ALTER TABLE `migrations`
  MODIFY `id` int(10) UNSIGNED NOT NULL AUTO_INCREMENT, AUTO_INCREMENT=7;

--
-- AUTO_INCREMENT for table `permissions`
--
ALTER TABLE `permissions`
  MODIFY `id` int(11) NOT NULL AUTO_INCREMENT, AUTO_INCREMENT=5;

--
-- AUTO_INCREMENT for table `roommanagers`
--
ALTER TABLE `roommanagers`
  MODIFY `id` int(11) NOT NULL AUTO_INCREMENT, AUTO_INCREMENT=13;

--
-- AUTO_INCREMENT for table `roomrestrictionschedule`
--
ALTER TABLE `roomrestrictionschedule`
  MODIFY `id` int(11) NOT NULL AUTO_INCREMENT, AUTO_INCREMENT=9;

--
-- AUTO_INCREMENT for table `rooms`
--
ALTER TABLE `rooms`
  MODIFY `id` int(11) NOT NULL AUTO_INCREMENT, AUTO_INCREMENT=44;

--
-- AUTO_INCREMENT for table `roomusagehistory`
--
ALTER TABLE `roomusagehistory`
  MODIFY `id` int(11) NOT NULL AUTO_INCREMENT, AUTO_INCREMENT=56;

--
-- AUTO_INCREMENT for table `sensors`
--
ALTER TABLE `sensors`
  MODIFY `id` int(11) NOT NULL AUTO_INCREMENT, AUTO_INCREMENT=54;

--
-- AUTO_INCREMENT for table `sensortypes`
--
ALTER TABLE `sensortypes`
  MODIFY `id` int(11) NOT NULL AUTO_INCREMENT, AUTO_INCREMENT=8;

--
-- AUTO_INCREMENT for table `statuses`
--
ALTER TABLE `statuses`
  MODIFY `id` int(11) NOT NULL AUTO_INCREMENT, AUTO_INCREMENT=3;

--
-- AUTO_INCREMENT for table `storageunits`
--
ALTER TABLE `storageunits`
  MODIFY `id` int(11) NOT NULL AUTO_INCREMENT, AUTO_INCREMENT=11;

--
-- AUTO_INCREMENT for table `systemlogs`
--
ALTER TABLE `systemlogs`
  MODIFY `id` int(11) NOT NULL AUTO_INCREMENT, AUTO_INCREMENT=657;

--
-- AUTO_INCREMENT for table `usagestatuses`
--
ALTER TABLE `usagestatuses`
  MODIFY `id` int(11) NOT NULL AUTO_INCREMENT, AUTO_INCREMENT=4;

--
-- AUTO_INCREMENT for table `userpermissions`
--
ALTER TABLE `userpermissions`
  MODIFY `id` int(11) NOT NULL AUTO_INCREMENT, AUTO_INCREMENT=40;

--
-- AUTO_INCREMENT for table `userrestrictionschedule`
--
ALTER TABLE `userrestrictionschedule`
  MODIFY `id` int(11) NOT NULL AUTO_INCREMENT;

--
-- AUTO_INCREMENT for table `users`
--
ALTER TABLE `users`
  MODIFY `id` int(11) NOT NULL AUTO_INCREMENT, AUTO_INCREMENT=29;

--
-- Constraints for dumped tables
--

--
-- Constraints for table `datalist`
--
ALTER TABLE `datalist`
  ADD CONSTRAINT `datalist_ibfk_1` FOREIGN KEY (`id_cambien`) REFERENCES `sensors` (`id`),
  ADD CONSTRAINT `datalist_ibfk_2` FOREIGN KEY (`id_donviluutru`) REFERENCES `storageunits` (`id`);

--
-- Constraints for table `departments`
--
ALTER TABLE `departments`
  ADD CONSTRAINT `departments_ibfk_1` FOREIGN KEY (`id_phong`) REFERENCES `rooms` (`id`);

--
-- Constraints for table `devicerestrictionschedule`
--
ALTER TABLE `devicerestrictionschedule`
  ADD CONSTRAINT `devicerestrictionschedule_ibfk_1` FOREIGN KEY (`id_thietbi`) REFERENCES `devices` (`id`);

--
-- Constraints for table `devices`
--
ALTER TABLE `devices`
  ADD CONSTRAINT `devices_ibfk_1` FOREIGN KEY (`id_loaithietbi`) REFERENCES `devicetypes` (`id`),
  ADD CONSTRAINT `devices_ibfk_2` FOREIGN KEY (`id_phong`) REFERENCES `rooms` (`id`),
  ADD CONSTRAINT `devices_ibfk_3` FOREIGN KEY (`id_trangthai`) REFERENCES `statuses` (`id`);

--
-- Constraints for table `deviceusagehistory`
--
ALTER TABLE `deviceusagehistory`
  ADD CONSTRAINT `deviceusagehistory_ibfk_1` FOREIGN KEY (`id_thietbi`) REFERENCES `devices` (`id`),
  ADD CONSTRAINT `deviceusagehistory_ibfk_2` FOREIGN KEY (`id_nguoidung`) REFERENCES `users` (`id`),
  ADD CONSTRAINT `deviceusagehistory_ibfk_3` FOREIGN KEY (`id_trangthaisudung`) REFERENCES `usagestatuses` (`id`);

--
-- Constraints for table `roommanagers`
--
ALTER TABLE `roommanagers`
  ADD CONSTRAINT `roommanagers_ibfk_1` FOREIGN KEY (`id_nguoidung`) REFERENCES `users` (`id`) ON DELETE CASCADE,
  ADD CONSTRAINT `roommanagers_ibfk_2` FOREIGN KEY (`id_phong`) REFERENCES `rooms` (`id`) ON DELETE CASCADE;

--
-- Constraints for table `roomrestrictionschedule`
--
ALTER TABLE `roomrestrictionschedule`
  ADD CONSTRAINT `roomrestrictionschedule_ibfk_1` FOREIGN KEY (`id_phong`) REFERENCES `rooms` (`id`);

--
-- Constraints for table `roomusagehistory`
--
ALTER TABLE `roomusagehistory`
  ADD CONSTRAINT `roomusagehistory_ibfk_1` FOREIGN KEY (`id_phong`) REFERENCES `rooms` (`id`),
  ADD CONSTRAINT `roomusagehistory_ibfk_2` FOREIGN KEY (`id_nguoidung`) REFERENCES `users` (`id`),
  ADD CONSTRAINT `roomusagehistory_ibfk_3` FOREIGN KEY (`id_trangthaisudung`) REFERENCES `usagestatuses` (`id`);

--
-- Constraints for table `sensors`
--
ALTER TABLE `sensors`
  ADD CONSTRAINT `sensors_ibfk_1` FOREIGN KEY (`id_loaicambien`) REFERENCES `sensortypes` (`id`),
  ADD CONSTRAINT `sensors_ibfk_2` FOREIGN KEY (`id_phong`) REFERENCES `rooms` (`id`),
  ADD CONSTRAINT `sensors_ibfk_3` FOREIGN KEY (`id_trangthai`) REFERENCES `statuses` (`id`);

--
-- Constraints for table `systemlogs`
--
ALTER TABLE `systemlogs`
  ADD CONSTRAINT `systemlogs_ibfk_1` FOREIGN KEY (`id_nguoidung`) REFERENCES `users` (`id`);

--
-- Constraints for table `userpermissions`
--
ALTER TABLE `userpermissions`
  ADD CONSTRAINT `userpermissions_ibfk_1` FOREIGN KEY (`id_nguoidung`) REFERENCES `users` (`id`),
  ADD CONSTRAINT `userpermissions_ibfk_2` FOREIGN KEY (`id_quyen`) REFERENCES `permissions` (`id`);

--
-- Constraints for table `userrestrictionschedule`
--
ALTER TABLE `userrestrictionschedule`
  ADD CONSTRAINT `userrestrictionschedule_ibfk_1` FOREIGN KEY (`id_nguoidung`) REFERENCES `users` (`id`);

--
-- Constraints for table `users`
--
ALTER TABLE `users`
  ADD CONSTRAINT `users_ibfk_1` FOREIGN KEY (`id_khoa`) REFERENCES `departments` (`id`);
COMMIT;

/*!40101 SET CHARACTER_SET_CLIENT=@OLD_CHARACTER_SET_CLIENT */;
/*!40101 SET CHARACTER_SET_RESULTS=@OLD_CHARACTER_SET_RESULTS */;
/*!40101 SET COLLATION_CONNECTION=@OLD_COLLATION_CONNECTION */;
